time,data
2021-12-07 09:45:00,榴莲 原本 黄色 消费者 黄色 道工序 细品 情侣 图 视频 知识   
2021-12-02 01:50:00,大型犬 知情人 狗狗 动物园 饲料 整笼 整笼 大狗 狗贩子 狗 前胸 后背 狗 狗 禁养 透漏 抓走 抓进 留 送进 溺死 卖 留下 吃喝 饿 贴 吃 派 抢 小狗 上门 武汉 湖北省 
2021-11-30 02:48:00,楼顶 购物车 杀人 女生 重度 楼顶 老师 时机 热门 天书 视频 未遂 递水 拽 回 初中生  
2021-11-29 09:22:00,醉酒 男子 男子 醉酒 消防员 民警 事发 时分 消防 支队 路 消防 边境 互贸区 醉酒 男子 内 车人 包头 掉 进 跌入 联手 救出 站 接到 转警 称 掉入 站 出动 方正 新建 深井 二连浩特市 锡林郭勒盟 
2021-11-26 17:42:00,阳性 大闸蟹 湖 病毒 机 吃饱 了跑 没船 投放 行走   
2021-11-26 11:52:00,疫情 命令    
2021-11-16 00:53:00,集团 董事长 年岁 病逝 享年 王健林 北京 
2021-10-31 21:33:00,小孩 风筝 正义 姐 视频 会 被绑 蓝雪宝 香港 
2021-10-30 22:43:00,消防员 妻子 儿子 消防员 妻子 儿子 网友 事 事 视频 出警 归来 出警 归来 碰上 邂逅  延边 吉林 长春 
2021-10-28 20:54:00,区 疫情 物资 人会 家家 急 缺 求 转发 爱 记得 加油 愿 五莲 山城 日照市 山东省 五莲县 
2021-10-26 22:27:00,王者 法院 支持者 视频 归来 撤销 裁决 签名 致谢 明星 孙杨 瑞士 
2021-10-23 20:58:00,嫌犯 网名 日记 妓女 红 性关系 文化部 部门 作品 语文课 网名 作品 发薪 发生 作协 联合 给予 出 处罚 下架 宣传部 周 治安 怡红院
2021-10-20 02:05:00,母亲 铁扇公主 核实 母子 老人家 世界 儿子 房子 风雨 圣母 致电 讲 团聚 受尽 解脱 离开 住 进 担心 受怕 接引   欧金中
2021-10-18 13:51:00,教育部 领导 家长 学 大学 学 实力 学 人 国情 特色 公平性 专业 人 求求 瞎折腾 吃饱 高考 折腾 够呛 拆分 提 请 高考 维护 维护 择优录取 瞎琢磨  苏俄 中考 德国 美国 中国 
2021-10-17 15:31:00,小学 职高 分   
2021-10-17 09:00:00,北极圈 月蚀 农民 视频 靠近 拍到  俄罗斯 加拿大 
2021-10-15 15:31:00,现场 枪战 发生爆炸 热门 影视 视频 发生 致死 突发 小六子 黎巴嫩  
2021-10-09 13:52:00,女司机 驾车 人 开窗 对方 金牌 金牌 视频 变道 阻止 破骂 揪 下车 暴打 解说 关注 发财   
2021-10-06 07:12:00,摄像师 婚车 坠车 摄像师 婚礼 坠车 热门 神兔 影视 视频 加速 送医  辽宁大连 
2021-10-02 23:20:00,小伙伴 隧道口 塌方 道路 现场 视频 去  西尔 成都 川西 黑水县 中断 
2021-09-26 02:00:00,大學生 老人 老人家 人 大學生 元醫 藥費 大學生 證 大學 老人 子女 精神 損失 法院 決女 大學生 小 视频 扶 訛 歸 墊付 訛 詐 報警 賠償 費 学 後 胡同 上海 
2021-09-18 14:35:00,光谷 创业 街 人才 细节 杀 发生   
2021-09-13 13:24:00,网友 爆料 光谷 路 枪战 发生  新竹 武汉 
2021-09-12 17:31:00,女子 人 网友 线索 暗 暗网 编号 去 提供 拍卖  成都 
2021-09-07 20:33:00,学制 分流 后置 专业 前置 缩短 高考   
2021-08-30 18:42:00,机场 人 小吃店 发生爆炸 人 人 热门 视频 爆炸 致 死亡 痛心 致 死亡 受伤 结束 侠 无锡 喀布尔 
2021-08-24 22:11:00,胎生 一女 政府 视频 想 会 杨红旭 广东 湛江 
2021-08-18 13:32:00,证券 股市 税收政策 年收入 人群 税收 力度 超过 收入 加大 好了吗 尔  
2021-07-31 08:56:00,疫情 全 状态 所有人 公共场合 口罩 恢复 佩戴  洛阳市 
2021-07-27 23:48:00,泪目 地铁 五号线 空车 报 回家 逝者 灵魂 回家 逝者 暴雨 号线 地铁口 花束 地铁 视频 运行 会 停留 会 站 愿 没能 愿 安息 互助 铺满 挺住 张治勋 郑州 河南 
2021-07-27 00:03:00,正义 姐 视频 跳水 搅笑 蓝雪宝 香港 日本 
2021-07-24 12:19:00,电话 大块 镇 化工厂 水 泄洪 求助 帮忙 爆炸 卫辉 新乡 北庄 
2021-07-22 10:44:00,大雨 暴雨 家园 艺名 视频 暴雨 挺住 陈 河南 
2021-07-21 04:12:00,同感 灾情 空间 鳄鱼 人 刷 震到 咬 沉到 祝福 河南 周边地区 
2021-07-21 00:48:00,大雨 水族馆 爆缸 鳄鱼 经道 视频 跑 了谈  荥阳 
2021-07-13 21:55:00,网友 投稿 事发 偶遇 女子 女孩 商场 视频 追 骂 滚出 滚 出 看  匹夫 杭州 爱国 中国 日本 
2021-06-08 23:03:00,作弊 考场 学生 细节 手机 摄像头 眼镜 型号 屏蔽器 伪装成 样子 鬼 考生 发声 回应 考生 拍照 上传 拍 没用 看 卫星 武汉 
2021-06-07 22:58:00,疫情 人网 传 收租 倾城 朋友 语榭 感染 增至 有没有 确认 之恋 南沙 广州 
2021-05-30 01:48:00,警方 通报 男子 驾车 人 持刀 人 撞 捅  南京 
2021-05-22 13:18:00,公园 车祸 酒 视频 驾毒 驾 雪儿  
2021-05-09 12:30:00,警民 奇葩 国度 人口数量 国土面积 世界 火车 挂票 榜哥 视频 排 能买  贵州 印度 
2021-04-21 15:33:00,学生 砍刀 金店 视角 视频 据说 抢劫 飞行  南宁 普罗旺斯 
2021-03-25 16:22:00,人民 感情 工人 视频 人 衣服 视频 抵制 作 死 聚集 为难 穿着  中国 新疆 
2021-03-24 11:42:00,人 凶手 人 学校 杀人 凶手 杀人 楼道 盲区 小时 学校 公关 顺带 受害人 家属 人 作案 砍 杀 完 睡不着 做梦 操作 笑醒 想 会 兴奋 盯梢 下手 准在 想 死 看 躺 做 撤热 搜 帮 安慰 想杀 只能 承认 自伤 会 模仿 封神 郑州 财经学院
2021-03-12 19:39:00,电话 儿子 人 儿子 爸爸 手机号码 女人 老奶奶 知情者 请告 信息 兄弟姐妹 联系人 电话 冷漠 人 手指 孩子 好人 全家 求转 做 拐走 说出 看 抱 走 急 疯 感谢 留意 看 懒得 转 请 伸出 转转 会 重谢 帮忙 转发 转发 死 今天上午 谢谢 何伟 龙虾 幼儿园 涉县 邯郸 
2021-02-10 06:06:00,财经 煤矿 事故 人 人 消息 时分 沟 煤矿 事故 事故 人 人 现场 人员 事故 原因 煤矿 事故 发生 遇难 受伤 发生 疑似 燃烧 截至 遇难 受伤 结束 受伤 接受 救治 处置 发生 死伤  威宁县 山镇 贵州 贵州省 
2021-01-26 10:50:00,男子 时速 行车 朋友 视频 视频 拍摄 炫耀 撞 横穿 身亡 佔卜  福建 莆田 
2021-01-17 13:15:00,旅游局 官 桃花节 赏花 时间 博 年度 桃花节 策划 小马 视频 开幕  西北 扎西 西藏 
2021-01-10 12:57:00,飞机 机舱 画面 客机 现场 遇难者 遗骸 环球 见闻 评论 视频 坠毁 定 崩溃 大哭 坠毁 发现  印尼 
2021-01-10 11:41:00,飞机 机舱 画面 视频 坠毁 定 崩溃 大哭  印尼 
2021-01-07 20:46:00,新冠 病毒 网页 链接 消灭 红茶  
2020-12-08 09:37:00,力 全国 人民 力 全国 人民 机票 想 飞来 取消 赵茂涵 丁真 四川 
2020-12-08 09:14:00,患者 男岁 学生 科 病例 酒吧 核酸 阳性 省市区 专家 影像学 实验室 核酸 病例 普通型 公共卫生 医疗 患者 场所 海雾 酒吧 酒吧 酒吧 居住 确诊 隔离 检出 会诊 表现 诊断 确诊 转运 隔离 治疗 停留 包括 李泽帅 高新区 里小 赵某 成都市 赫本 成华区 华南 中心医院
2020-11-10 16:17:00,御河 中学校长 教师 食堂 用餐 学长 视频 撤销 师生 四川 
2020-11-10 08:38:00,报告 政府 医疗 党政干部 干部 医疗 退休干部 住院 干部 医疗 制度 公平 投入 报销 花掉 应予 取消   中科院
2020-10-18 09:24:00, 没 自信   
2020-10-17 20:53:00,网传 大楼 钱 夫妻 人 骑手 晚点 谜 视频 撒 据说 吵架 撒 捡钱 外卖 遇见  匹夫 重庆 
2020-10-08 11:54:00,特警 人 画面 视频 看清 叫嚣 制服 联想 收复  台湾 洛洛 丽江 
2020-10-07 17:43:00,社会安定 稿件 评 报告 政府 医疗 党政干部 叼 签发 不利于 称 投入 胡  中科院
2020-09-23 15:52:00,机器人 老婆 面世 姑娘 真人 售价 软件 老婆 老婆 动人 网页 链接 打造 保修 买 活到 艾丽丝 美国 
2020-09-18 12:39:00,塔吊 事故 蜜蜂 视频 掉下来   
2020-09-17 06:21:00,载蒜 车 蒜瓣 群众 蒜 货车 蒜 群众 剧情 视频 掉入 散落 路过 抢 发生 侧翻 捡 压倒 死伤  河南 
2020-08-30 22:30:00,惨剧 地坛公园 器械 单杠 老者 头部 孩子 头部 孩子 出去玩 好孩子 果农 视频 回旋 横向 跑 发生 相撞 死亡 带 看  太湖 北京 
2020-08-23 15:31:00,篇文章 题目 人类 安定团结 帐户 名单 文章 文章 内容 脸部 敦促 应 公布 截图 截全 截不上 瑞方  外交部
2020-08-21 16:59:00,好消息 小区 市委 市政府 会议 内容 小区 居家 工作人员 小区 工作人员 社区 小区 小区 工作人员 住本 小区 小区 环境卫生 垃圾清运 小区 物业 全市 全市 重点 对象 小区 疫情 环境卫生 绿化 车辆 有序 报 计划 计划 小区 小区 工作人员 口罩 勤洗手 工作场地 口罩 业 小区 社区 员工 疫情 常态 会 新增 指示 需 做好 解封 回 恢 放开 通知 隔离 上班 住 接到 外出 通知 外出 找麻烦 吃 住 回 恢 做好 回 恢 关注 维稳 养护 维修 提前 按排 做 传达 上班 闲聊 带 消杀 带 劝说 配合 化 愿 严格遵守 新疆 扎堆 
2020-08-20 13:58:00,通报 化工厂 疑似 泄漏 撤离  四川 乐山 
2020-08-18 10:23:00,铁西 早餐 店 消防队员 仕会 小区 早餐 店 报警 消防队员 时间 现场 事 早餐 店 发生爆炸 消防队员 心情 逝者 消防员 战士 爆炸 牺牲 着火 接到 赶到 着火 牺牲 安息 哀悼 绿厦爵 沈阳 铁西区 
2020-08-18 00:32:00,骨气 鱼 人 动物 城 视频 被捕 自杀 玩闹  海洋 立马 
2020-08-16 23:27:00,别墅 建议 一族 流泪 志愿者 视频 偷情 掉下来 偷情 找 偷情 加 防范   
2020-08-16 20:50:00,情 猎奇 视频 偷 要命 彭  
2020-07-25 22:24:00,女子 丈夫 交代 杀人 分尸 事实 作案 手段 失踪 想 看 看 不想 看别  杭州 
2020-07-23 17:34:00,绵白糖 沙糖 慎用   
2020-07-08 20:01:00,时讯 九孔 图 阵雨 水位 市民 群众 意识 人员 原 居住地 泄洪 上涨 请 提高 防范 转移 返回  西湖 新安江 杭州 
2020-07-07 08:31:00,朋友圈 信息 准考证 姓名 考点 考场 准考证号 孩子 朋友 请 帮转 捡 通知 耽误 高考 请 接力 白娅倩  
2020-07-07 06:43:00,准考证 消息 群 高考 转发 丢失   
2020-07-06 22:16:00,汛情 暴雨 山体 弟弟 家乡 大雨 汛情 山体 眼见 山体 人员伤亡 视频 希望 江 张家界 浏阳 河畔 滑坡 
2020-07-03 10:51:00,宝 人 事儿 视频 崩 没了 做不了 上班 迟到 希望 修好 加油 宝 北京 
2020-07-03 07:47:00,校园 学生 感染者 感染者 学生 课 同学 核酸 回家 课 秒 视频 复课 停课 新增 例 新增 例 停课 复课 复课 停课 称 返校 做 完 就让 上网 高考 拍 江 高三 牡丹江 黑龙江 
2020-07-02 10:23:00,牛 少年班 学生 考官 能力 学生 电脑 技术 面试官 笔记本电脑 学生 现场 学生 电脑 代码 面试官 代码 技术员 话音刚落 学生 回车键 网络 人 人 难题 面试官 学生 网络 状态 电脑 网络 面试官 面试官 层层 情况 年轻人 学生 代价 人 年薪 年轻人 总负责人 年薪 传奇 故事 读书 路 捷径 角落 奇闻 趣事 面试 走进 面试 申请 去 实习 问 答道 略懂 推 演示 输入 说 会 做 敲下 瘫痪 发生 解决 恢复 只见 操作 恢复 惊到 做主 上报 请示 对待 实习 申请 得知 接见 做出 留住 聘用 面试 走 马云 吴翰清 云盾 罗马 西安交大
2020-06-24 09:15:00,新冠 疫情 小区 街坊 小区 号院 锦秋 家园 甲号 院号 楼 平房 号院 平房 骚子 营 平房 庄号 骚子 号院 骚子 营号 娘娘 院军 科 干休所 号院 路号 医院 干休所 号院 甲号院 公寓 号院 医院 干休所 甲号 院百朗园 号院 号院 号院 院区 甲号 院区 甲号 院区 甲号 院区 甲号 院区 号院 号院 乙号 院 乙号 院 甲号院 院 甲号 院 号院 号院 号院 街坊 小区 号院 街坊 小区 号院 街坊 小区 号院 街坊 小区 号院 永金 小区 号院 号院 号院 园二区 小区 逸墅 小区 河路 号院 小区 杏石 口路 号院 世纪 金源 国际 公寓 营区 号院 号院 号院 航路 号院 航路 号院 号院 号院 甲号 院 圆明园 号院 圆明园 号院 花园路 号院 花园路 号院 号院 朗润园 小楼 研究生 公寓 号金 国际 冠 世纪 城区 区区 区区 路号 院 小区 号院 区 路号 院 花园路 号院 电信 宿舍 院西 小府 院厢 甲号 老年公寓 暮家 老年公寓 号院 号院 号院 董四墓 甲号院 庄 蜈蚣 街号 院道 公府 路号 院 路号 院 号院 小营 号院 小营 号院 清路 号院 号院 清路 号院 清路 号院 院 院 民族 大学 号院 号院 号院 甲号 总政 歌舞团 民族 大学 家园 民族 大学 号院 街号 院厂 洼 小区 甲号 院 号院 路号 院田 村 号院 田村 号院 乙号 院 乐府 小区 街坊 小区 街坊 小区 街坊 小区 花园 号院 路 中心 院 街坊 小区 号院 锦秋 家园 小区 手机 码则 绿码 黄码 封闭 营到 爱 增光 去 变为 慧寺 汤泉 车公庄 四季青 天香 大柳树 唐家岭 白旗 朱 闵庄路 府 魏公村 宿舍楼 万寿寺 北四环 庄 罗庄 闵 万寿庄 小营 常青 万寿路 大慧寺 北里悦 里天香 嘉德 鑫 三区 黄土坡 富海 河村 南园 海淀区 北太平庄 河路海 东路 香园 北清路 颐 河东路 南苑 美墅馆 北里 永定路 金沟 西山 中关村 中路 北苑 北路 河路 澳 西路 南路 颐和园 南大街 昆明湖 马甸 山南 江南 南北 燕南园 北京 河 颐中 西村 香山 太平路 北三环 金沟河 复兴路 空军指挥学院 国防大学 国际关系学院 中科院 解放军总医院
2020-06-17 20:20:00,男神 君 视频 加油 谢谢你们 北京 
2020-06-16 23:45:00, 缺钱   
2020-06-15 20:43:00,创始人 别墅 视频 剑 视频 享 健在 挟持 美的 沧海 佛山市 
2020-06-15 15:21:00,国家 移民 管理局 发布公告 外国人 入境 持 签证 居留 许可 中国 外交部
2020-06-15 10:59:00,警方 通报 集团 住宅 警方 通报 集团 住宅 现场 猎奇 少女 视频 闯入 闯入 抓捕 美的 佛山 
2020-06-05 08:01:00,夫妇 细节 视频 携礼 拜访 亮 成全 特朗普 奥巴马 
2020-05-28 04:37:00,世界 骨气 鱼 断气 人 视频 视频 博 喜剧 现场 女朋友 视频 爱 吃 走心 搞笑 宠  立马 中国 
2020-05-26 12:59:00,电话 女儿 银河 酒店 人 女儿 爸爸 手机号码 男人 知情者 请告 信息 兄弟姐妹 联系人 冷漠 人 手指 求转 拐走 说出 看 抱 走 急 疯 感谢 留意 看 懒得 转 请 伸出 展开 今天上午 老太太 张艳 张明  
2020-05-26 01:03:00,地震 地震 地震 云 地震 地震 云 定论 气象专家 地质 专家 小时候 课文 书 无书 得知 尚无 认可 怨 背 尽信 知识 云经 北京 
2020-05-16 08:53:00,事件 元凶 专家 砖家 专家 塑料 护栏 水马 风力 稳定性 水马 专家 桥 幅度 汽车 卡车 压桥 抖动 使 认定 加装 破坏 撤去 抖动 不止 提出 抖动 抖动 展开  虎门 大桥 
2020-05-13 10:44:00,三民 小区 人 全变 红码 全市 所有人 核酸 三民 小区 感染者 全国 人 所有人 三民 小区 人 红码 动 全市 人变 黄码 小区 病毒 样本 科研 意义 出 出 感染 去 治疗 隔 发病 发 强制 封掉 变 不了 隔离 上班 不行 不测 出行 出钱 要测 提前 封闭 搞 害 毛 天都 武汉 
2020-05-11 09:03:00,最新消息 吊索 钢丝绳 钢箱梁 锚 旧索 吊索 主缆 钢索 断裂 发生 发生 锈蚀 拆除 发现 锈蚀 开揽 发现 跨跨 位置 腐蚀  虎门 大桥 
2020-05-11 08:34:00,原因 吊索 钢丝绳 钢箱梁 锚 旧索 吊索 主缆 钢索 高铁 见闻 物理 发生 抖动 找到 断裂 发生 发生 锈蚀 拆除 发现 锈蚀 开揽 发现 跨跨 位置 腐蚀  虎门 大桥 
2020-05-08 13:39:00,世界 骨气 鱼 断气 人 视频 老实人 投稿 社 视频 爱 吃 搞笑  立马 中国 
2020-05-02 10:53:00,学生 大陆 坏事 儿 好事儿 录取 取消 面试 斯坦福 中国 麻省理工
2020-04-30 10:20:00,铲车 奇闻 日记 视频 惊现 群殴  东山县 
2020-04-29 20:28:00,大利 疫情 蓮 水面 禁足 於義 花都 
2020-04-27 16:48:00,单位 护士 掌声 车票 老家 医疗机构 护士 疫情 消息 心情 医护人员 国家 单位 心 自愿者 消息 名义 公派 医疗 人员 待遇 人 人 票 回家 病魔 车票 朋友 人民 医护人员 体制 体制 礼遇 感人 去 结束 优待 返回 购买 发生 编制 招募 报了名 收拾 享受 买 欢送 感谢 使命 买 离开 回到 隔离 归于 没 发生 说 做 做 没 来得及 说 再见 奋战 做 只能 转发 发出 记住 转发 以示 连云港 博 陈兆鹏 贾晓月 谢谢 张 立马 南京 城市 武汉 英雄 湖北 
2020-04-23 21:17:00,状态 存款 银行 钱 留下 取不  河南 
2020-04-22 10:32:00,天府 杀人 商家 骑手 餐 口角 骑手 商家 商家 骑手 网页 链接 出餐 取 不到 发生 干 杀死 死 银泰城 四街 成都 
2020-04-21 21:54:00,化工厂 人员伤亡 视频 爆炸 爆炸 愿 无  赣榆 
2020-04-15 12:41:00,视频 好像 丰乔 杨锐 封城 哈尔滨 
2020-04-12 17:20:00,公园 土属 偷 周知  
2020-04-11 11:47:00,公园 土 偷 涨 知识   
2020-04-11 10:48:00,机长 汽车 司机 皮卡车 专用 飞机 视频 配合 硌 应   
2020-04-06 23:16:00,八卦 婚 男人 说 爱 张文宏  
2020-04-05 13:03:00,人 人 思维 差距 人 猩猩 人品 信 理由 啦噜 老婆 医术 水平 毛钱 关系 不亚于 说 据传 去 看病 去 相亲 张文宏  
2020-04-05 05:51:00,直辖市 设立  宁波市 
2020-03-22 09:02:00,医療 船座 战地 医院 疫情 出动 爆發  美帝 
2020-03-22 08:05:00,国籍 人 留条 后路 祖国 后盾 外国人 狗 天下事 视频 放弃 做 笑 看  爱国 
2020-03-18 00:38:00,关心 常态 分尸案 视频 小区 地方 腿 马路 朋友圈 传 人 人 关心 男朋友 发生 凶杀 看 出门 拐 扔在 醒来 记得 发生 接 位置 展开 大明宫  
2020-03-17 21:07:00,警告 疫情 蚊虫 宿主 发出 抱有 成 石正丽  
2020-03-16 14:44:00,外交部长 假消息 意大利人 高声 事情 时间 假新闻 指责 播放 请 花 华春莹 谢谢 中国 意大利 
2020-03-15 21:28:00,头条 良医 国籍 华人 经验 量 退烧药 祖国 国籍 祖国 费用 建议 明确指出 人 纳税人 钱 转自 感染 冠 听说 治疗 吃 逃避 回到 说 回到 变 得知 治疗 询问 投诉 募捐 投诉 想 享受 巨婴 中国 美国 北京 福利 美国大使馆
2020-03-09 11:25:00,王牌 冠 病毒 事儿 视频 据说 抓新 巫师 马来西亚 台湾 
2020-03-02 03:23:00,祖国 护照 国籍 规 国籍 国籍 列 精神 工作室 公益 视频 视频 来源 网络 背叛 禁止 请 赚钱 放弃 道歉 甘露 梳 翁 刘亦菲 华春莹 赵林 李连杰 肖战 博爱 明星 吴亦凡 中国 外国 
2020-03-01 12:23:00,冠 肺炎 新增 例新 新增 例 据说 回来  辽宁 丹东 
2020-02-23 07:50:00,人 打麻将 桌子 视频 捉 拘留 抬桌走 选择 选择 抬 走 处罚 刘正涛 武汉 虹桥 咸宁 
2020-02-21 21:58:00,口罩 汗 世界 恢复 感染  柬埔寨 中国 日本 
2020-02-20 20:21:00,女博士 彩礼 车 别墅 女方 女方 母亲 征婚 写 愁 嫁 独栋 城市 
2020-02-18 22:32:00,蝗虫 专家 面具 人 区块 链 日记 视频 说 防 可控  新疆 
2020-02-07 11:23:00,病毒 数学 看 高考   
2020-02-05 20:38:00,重症 病房 小朋友 医生 泪目 紫外线 热 肺炎 疑似病例 视频 隔离 说 新增 减少  鹤鸣九皋 
2020-02-05 00:19:00,医生 后求 院士 团队 孩子 病痛 团 视频 感染 隔离 抱抱 加油 加油 希望 没 感谢 感谢 感谢 李兰娟 宝宝 中国 武汉 
2020-02-04 20:37:00,网 充气 娃娃 警车 传晒 引来   
2020-01-29 23:14:00,集团 物资 贪墨 民众 视频 国难 脏钱 新闻 警方 视频 想 去 来自 贩卖 欺骗 包裹 丢失 说法 告诉 删除 挣  中国 中国邮政
2020-01-25 15:21:00,地震 病例 信阳 地震 疫情 机票 全款 发生 新增 例 确诊 发生 退 去 封城 河南 回国 土耳其 
2020-01-23 11:50:00,粉液 患者 定点医院 说 上空 撒 发热  武汉 
2020-01-23 08:27:00,肺炎 病毒传播 途径 市场 豺 犬科 动物 病毒 狗狗 传 狗狗 传人 狗 生病 人生 病人 生病 狗 病毒 狗 內属 高风险 区 口罩 狗 狗 家庭 狗 狗 口罩 病毒 眼膜 人体 病毒 物是 酒精 衣服 精 回家 酒精 双手 手机 物品 外套 凉台 通风 淡盐水 嗽口 病毒 朋友 电话 原创 消息 发现 携带 传给 传给 带有 带 作用 远离 养 拴 逗 外出 带 传入 杀死 外出 喷洒 擦拭 挂 并用 参加 告诉 属 转发 戴眼镜 海鲜 华南 
2020-01-15 22:38:00,手机 空 高铁 进站 走路 手机 聚会 小练哥 视频 站 光顾 看 踩 救 没法 救 希望 防备 留意 玩 夺命 连问  杭州 
2020-01-14 19:21:00,乘客 站台 车 手机 脚 空题 铁轨 高铁 回家 人 人 手机 人 视频 玩 挑 了掉 开 夹到 说 出门 玩 后悔 樊贵生 南站 广州 
2020-01-12 15:05:00,汽车资讯 店 过程 事故 萝卜 报告 视频 试驾 发生 死伤 林肯 郑州 
2020-01-11 20:08:00,视频 旅客 手机 空 高铁 进站 太 走路 手机 佛牌 关键时刻 网页 链接 上传 站 光顾 看 踩 救 没法 救 玩 请戴 会 保佑  杭州 
2020-01-07 14:31:00,雪乡 车祸 案 司机 雪乡 车祸 死伤 获 死缓 突发 死伤   
2020-01-05 21:47:00,包菜 猫 耳 视频 视频 看 吃 做   
2019-12-29 10:46:00,化工厂 火灾 化工厂 火灾现场 消防 战士 视频 突发 发生 爆炸 帮 卿 萧山 杭州 
2019-12-27 10:46:00,女司机 双腿 女子 宴车 男子 车辆 纠纷 理论 车门 上车 男子 车门 女子 男子 车头 女子 男子 男子 倒地 腿 男子 单侧 下肢 粉碎性 骨折 叫嚣 撞残 开 剐 蹭 发生 争吵 拍打 拍 倒车 拦 不让 离开 加速 撞 挤 抱 嚎叫 撞 宝马 卡宴男 宝马车 开卡 
2019-12-17 20:47:00,有色 家属院 楼 入室 抢劫案 受害人 医院 作案 手段 嫌疑人 关灯 住户 作案 目标 住户 电闸 住户 电闸 住户 电箱 时 持刀 市民 断电 情况 人 小心 转发 切记 停电 开门 切记 停电 开门 切记 停电 开门 转发 发生 受伤 接受 治疗 观察 锁定 没 休息 拉断 等待 出门 查看 开门 实施 抢劫 发出 警示 遇 突发 切忌 开门 请 告诉 请 转发给  北太平庄 北京 海淀区 
2019-12-12 22:41:00,地铁 地面 网友 爆料 地铁 人员 地点 地铁 一号线 二号线 交汇 爱豆 星闻 视频 发生 塌陷 疑似 塌陷 受伤 位于 站 希望 添加 伤亡  厦门 
2019-12-11 12:47:00,年收入 打扰 告辞   
2019-12-10 13:38:00,小心 弱小 说话 告 欺负   
2019-12-07 09:34:00,学生 寝室 泡面 人 人 校园 吃 预做 开除 买 分享 高三 温县 
2019-12-07 09:00:00, 申诉   
2019-12-05 20:34:00,烟 人案 气气 干嘛 边缘 校区 聊起来 砍 问 咋办 捏 沉吟 发生 否认 说 去 揍 说 回来 找 会 找 说 死亡 不想 离开 爱 说话 黄赞 黄子安 原谅 济南 长清湖 山东师范大学
2019-12-04 11:45:00,轿车 市区 轿车 石墩 现场 火势 火 消防 事故 原因 融媒 视频 翻滚 自燃 行驶 撞 发生 翻滚 起火 想 接近 赶到 扑灭 酷燃 北向南 黄金眼 今天下午 南路 绍兴 中兴 
2019-12-02 11:18:00,龙样 水怪 人 手 惊   
2019-11-26 14:14:00,爆料 消息 调查表 街道社区 地区 都护府 辖地 名字 称 改名 下发 灭 纳入 苏家屯 咸亨 苏家屯区 安东 盖牟州 沈阳 高句丽 新区 沈南 
2019-11-26 13:40:00,男子 便利店 购物 老板娘 老板娘 头部 热点 视频 挑衅 扔 飞剪   
2019-11-22 18:24:00,当官 官员 牛 副县长 染上 艾滋病 全县 干部 女老师 医院 浏览器 副县长 染上 艾滋病 全县 干部 女老师 医院 够 逼 跑 跑   
2019-11-21 08:22:00,娘 价值 地规 学院 社 拍外景 娘 人员 照片 娘 仪器 仪器 价值 娘 学校 坑 钱 来源 受害者 下玩大 撞车 拍 推倒 想 看 银杏  
2019-11-20 17:42:00,群 码 人 视奸 手机 误会 手机 打人 图 词 罪 神经质 个数 转发 忍不住 手痒 转 拍照 躲开 怕 骂 举起 拍 砸 记得 好像 没事 拍 没 包罗万象  
2019-11-15 15:11:00,合汇 城 视频 男人 社会 隐患 典范 大白天 分尸 增城 看   
2019-11-12 23:17:00,牛人 水晶 狐狸 成品 土豪 君 视频 引来 出价 购买   
2019-11-12 15:42:00,学生 校园 暴力 视频 朋友圈 宿舍 学生 围观 网页 链接 遭 围殴 导致 致死 初中生 高州市 广东省 
2019-11-02 20:25:00,表演队 飞机 架飞机 空战 场面 狗 肉包子 视频 飞行 相撞 损毁  俄罗斯 意大利 航空展
2019-11-01 17:27:00,化工厂 盆友 风 视频 住 搬家  老河口 
2019-10-29 23:51:00,生子 赴美 终结   
2019-10-23 12:35:00,网传 公寓 尸体 网传 公寓 尸体 复出 确认 死亡 患有 发现 具 确认 死亡 患有 发现 具 惠善欲 雪莉  
2019-10-14 16:50:00,公寓 尸体 确认 死亡 死亡 发现 崔雪莉 雪梨  
2019-10-13 14:34:00,国道 纺城 大道 工程车 闯红灯 煤气 沉船 车 大巴车 女孩子 视频 坍塌 撞死 跳楼 爆炸 去 面试 压死 荡口 爆炸 活着 梁溪 梅村 门茂业 无锡 大桥 洛社 
2019-10-12 16:47:00,网友 将军 质量 翻出 往事 许世友 南京长江大桥 
2019-09-27 08:30:00,发飙 火车站 开 撕   
2019-09-20 18:04:00,塑料 公司 火灾 人员伤亡 耳廓 视频 发生 但愿 无 碰撞 狐 宝纶阁 常州 新北区 
2019-09-18 10:44:00,烈士 纪念碑 报告 命令 电令 命令 遭 破坏 发生 下达 进攻 坚守 解决 下达 丢失 蒋介石 关东军 张学良 东北 香港 锦州 日本 国民政府
2019-09-14 19:34:00,项链 据说 承诺 蒋介石 宋美龄 美龄宫 南京 
2019-09-10 13:41:00,副县长 染上 爱滋病 全县 干部 女 教师 医院 艾滋病 部门 女性 名单 人 干部 干部 情妇 身体 上位 女士 风险 裤 需谨慎 艾滋病 落马 害 跑 遭 查出 患有 控 去 体检 去 体检 提个醒 上床 脱 昌明 老公 杨 贵州 
2019-09-07 18:43:00, 会 添 成龙  
2019-09-05 09:55:00,运动会 国旗 国歌 国歌 人 头 老人 神态 家乡 小调 茉莉花 掌声 神态 国家 人 伴随 升起 引来 嘲笑 嘲笑 抬 走到 唱起 唱 完 捍卫 雷鸣般 黄龙旗 李鸿章 中国 万国 西洋 清政府
2019-09-04 19:28:00,狗 猫 孩子 学 无影 强哥 视频 咬伤 发病 狗叫   
2019-08-22 12:25:00,猪肉 全家 网页 链接 吃 死亡 转发  南丹县 广西 
2019-08-21 14:56:00,副县长 染上 艾滋病 全县 干部 女 教师 医院 落马 害 跑  贵州 
2019-08-20 20:03:00,边境 军人 火速 边境 军人 火速 抢劫 出击 抢劫 出击  云南 缅甸 中国 
2019-08-11 14:58:00,全省 暴雨 红色 风 灾区 人民 视频 愿 马太 王利奇 山东 湾区 
2019-08-09 21:23:00,网页 链接 超 没事 出门 出门 利奇 强台风 马来  
2019-07-30 13:36:00,情感 文库 山体 轿车 面包车 落石 事发 消防 公安 事故 人 人 汽车 人员 道路 交通管制 车辆 超话 发生 崩塌 砸 营救 导致 死亡 受伤 埋 疑似 请 提前 绕行 杨春林 东 紫阳县 三岔路口 
2019-07-23 10:56:00,妈 交 税 原本 税 取消 呵呵 卫生巾 印度 
2019-07-18 15:32:00,金牌 车主 精神病 免死 患有   
2019-07-18 08:29:00,车祸 肇事者 现场 视频 控制 拍 不让 上传 只能 说 死 肯定 不止  常州 
2019-07-11 11:22:00,女司机 神经病 事儿 事实 豪车 重大事故 司机 精神病 大盘 精神病 驾驶 据说 告诉 开 出 疑似 疑似 治 宝马  
2019-07-10 13:53:00,车主 人 女主 精神病 路线 女子 死亡 说法 希望 减刑 轻判 醉 驾 逃逸 醉 驾 致 死 米奇 谭 醉驾 河南 
2019-07-10 12:03:00,男人 老婆 回家 女性 机器人 真人 比例 孩子 女性 功能 功能 家务 洗衣服 垃圾 交代 端茶 精虫 脑 皇家 校长 吵架 去 买 疯 抢 打造 具备 收拾 煮饭 倒 会 偷懒 下班 会 迎接 帮 倒水 帮 提 带 走走 会 判断 保证 完 吹 爽 东西 日本 上市 
2019-07-09 12:30:00,暴雨 路段 水库 全力 视频 泄洪 祈祷 武功山 岩 刘永溪 萍乡 山口 
2019-07-08 19:51:00,孩子 手机 父母 手机 大视野 秒 视频 玩 加油 请勿 玩 别致 拍   加油站
2019-07-05 17:27:00,网易 会员 卸载 安装  云 
2019-07-05 12:04:00,实情 驾 尸体 人命 网页 链接 死 报道 加上 驾驶 宝马车 河南 
2019-07-05 09:23:00,警方 通报 国家 领导 干部 普通人 办法 撞 说 死 超过 宝马 官官相护  
2019-07-01 08:13:00,酒 受害者 视频 洗手   
2019-06-29 23:49:00,朋友圈 艾滋病 传染给 女 大学生 了名 艾滋  
2019-06-29 01:11:00,地震 泥石流 蛇 腰 直径 水 人 围观 单位 专家 专机 地震 博 视频 达 翻腾 引来 下令 不准 飞往 断定  宜宾 成都市委
2019-06-27 22:41:00,地震 泥石流 腰 直径 水 人 围观 单位 专家 专机 地震 暴发 达 翻腾 引来 下令 不准 飞往 断定 巨龙 洪  成都市委
2019-06-27 18:26:00,洋门格 隧道 视频 回 回来 爆炸 失火 请 转发 至尊 帝王 闽清 福州 
2019-06-27 12:39:00,传说 地震 巨蟒 发现  四川 
2019-06-26 20:33:00,警方 男子 歌舞厅 图 疑点 媒体 受害人 警方 图片 人 否认 受雇 捡 看 采访 不到 选择 希望 施暴  
2019-06-26 12:19:00,醉酒 女子 蓝色 轿车 感情 姑娘 事 爆料 博 视频 爬 奔驰 做出 举动 据说 受刺激 奉劝 愁 完 出丑  盱眙县 江苏 盱眙 淮安 
2019-06-20 13:10:00,孩子 手机 父母 人 人 手机 博 秒 视频 玩 加油 转发 挽救 做 请勿 玩 荟萃 拍 石家庄  加油站
2019-06-18 00:30:00,地震 视频 勉强  宜宾 
2019-06-14 11:27:00,轿车 货船 水 新闻 办公室 官方 博 消息 市区 公路局 通报 源城区 线 紫金 桥 车辆 人 原因 发生 垮塌 落水 砸坏 入 分 发生 垮塌 掉落 救起 搜救 垮塌 孔 大桥 广东省 广东 东江 河源市 人民政府
2019-06-12 13:16:00,新闻 女儿 家长 资格 信用 社会 信用 信用 时代 公平 钱 人儿 儿戏 痛心 高考 考 征信 录取 行 要害 欠 请 警醒 没 起诉 不想 征信   
2019-06-11 20:26:00,朋友 视频 列车 事故 网页 链接 拍 发生  昆明 西安 
2019-06-04 14:59:00,入室 女主人 性关系 报警 入室 女主人 性关系 报警 朋友 门 胆子 男 盗窃 强行 发生 盗窃 强行 发生 选择 拘留 家住 喝酒 回到 开着 喝了酒 进屋 发现 展开 韩女士 城市 
2019-06-04 14:38:00,病毒 谣言 传 谣言 医院 男女生 病毒 医生 电视新闻 商丘 关心 人 群发 害人 帮别人 网页 链接 吃 会 感染 死亡 称 分 感染 死亡 参与 抢救 隔离 播 吃 已有 感染 收到 请 转发 催熟 买 吃 看 转 不用 回复 等于 帮 夏邑 西瓜 宝山区 河南 砀山 华山医院 中央台
2019-05-31 16:23:00,市区 车祸 轿车 事故 消息 人 事 突发 发生 发生 自燃  南路 绍兴 浙江 中兴 
2019-05-30 10:38:00,地铁 手机 视频 秒 视频 偷 抓到 失主 摁 住 大喊 超话 拍   
2019-05-29 10:36:00,持刀 杀人 事件 砖块 亲爷 持刀 杀爷 五妈 人 事件 网页 链接 发生 亲 拍向 未遂 转向 砍 希望 帮忙 转发 谢谢 孙女 三原县 陕西省 南关 咸阳市 
2019-05-16 00:05:00,人 老百姓 政府 博 视频 执法 欺负  贵州 
2019-05-15 02:09:00,派出所 紋身 展  南京 
2019-05-10 17:36:00,医院 分院 男女生 病毒 医生 电视新闻 香蕉 香蕉 关心 人 群发 害人 香蕉 帮别人 感染 死亡 参与 抢救 隔离 播 吃 感染 收到 请 转发 催熟 买 吃 看 转 不用 回复 等于 帮 转发  南汇 新乡 获嘉县 中央台
2019-04-26 22:06:00,江油 冰雹 鸡蛋 视频 听到 喊  四川 
2019-04-22 10:58:00,车库 消防 灌水 车库 起火 没能 进得 去 灭火 毁   
2019-04-18 09:49:00,毒气 民桥 人 路 化学品 事故 人 公安 信阳 朋友 通知 通知 通知 泄露 发生 走 抓紧 通知 抱拳 抱拳 抱拳  河南 龟山 
2019-04-14 21:46:00,夫人 夫人 传统 国人 网页 链接 携 抵 访华 介绍 绝无 歧视 接受 会 卢森堡 泰尔 北京 
2019-04-11 10:09:00,医院 分院 男女生 病毒 医生 电视新闻 香蕉 香蕉 关心 人 害人 香蕉 帮别人 感染 死亡 参与 抢救 隔离 播 吃 感染 收到 催熟 买 吃 等于 帮  南汇 中央台
2019-04-01 20:50:00,大客车 司机 乘客 全车 人生 视频 听 劝阻 强行 倒车 无 天恩  
2019-03-29 17:37:00,实习生 招聘 寒山寺 和尚 苏州 
2019-03-28 15:30:00,用户 会员 专属 内容 特权 大 开通 享受 还能   
2019-03-18 19:19:00,人民 医院 患者 家属 持刀 医生 女特警 化装 成 女护士 间挥枪 家属 网页 链接 发生 挟持 送水 击毙  武汉 
2019-03-14 16:38:00,空难 新闻 坠机 现场 视频 坠机 现场 遗物 时光 视频 挖出 失忆 埃航 缅怀 埃塞俄比亚 
2019-03-14 14:07:00,人类 灾难 遇难者 大夫 视频 愿 远离 致哀 李青  
2019-03-14 13:23:00,飞机 过程 风水师 风水师 秒 视频 坠落 应 拍 王虎应 王德 刘铁卿 埃塞俄比亚 
2019-03-14 09:47:00,空难 飞机 秒 视频 发生 实录 拍 秦淮 埃塞俄比亚 
2019-03-13 15:40:00,心理 空难 视频 坐飞机 点儿 刀兄 视频 崩溃 模拟  埃塞俄比亚 
2019-03-12 16:26:00,心痛 打麻将 儿子 孩子 二楼 儿子 身体 质问 女子 锁 掉下去 绝望 提 老公  
2019-03-12 10:34:00,乘客 航空 飞机 時刻 視訊 飛行員 飛機 成林 视频 确认 墜毀 控制 權两木 後 埃塞俄比亞 
2019-03-05 22:07:00,地坛公园 器械 单杠 老者 头部 孩子 头部 孩子 视频 回旋 横向 跑 发生 相撞 死亡 玩 看好 温进冬 北京 
2019-03-02 19:13:00,人 心痛 事 小 女孩儿 爱人 视频 发 死在 璐 中山公园 大连市 辽宁省 
2019-02-11 19:05:00,爱心 基金 线索 酬金 小女孩 烟台 锦绣 花园 小区 人 小女孩 爸爸 手机号码 男人 大人 知情者 请告 信息 兄弟姐妹 联系人 冷漠 人 手指 超话 帮忙 扩散 拐走 说出 看 抱 走 急 疯 感谢 留意 看 懒得 转 请 伸出 转转 易烊千玺 今天上午 宁继春 芝罘区 
2019-02-11 10:05:00,线索 酬金 小女孩 锦绣 花园 小区 人 小女孩 爸爸 手机号码 男人 大人 知情者 请告 信息 兄弟姐妹 联系人 冷漠 人 手指 帮转 帮忙 扩散 拐走 说出 看 抱 走 急 疯 感谢 留意 看 懒得 转 请 伸出 转转 今天上午 宁继春  
2019-01-09 19:18:00,爆料 地铁 男子 骂人 铠甲 人用 锤子 头破血流 视频 小编 地铁 视频 嗑瓜子 听 劝阻 穿着 砸 想 说 请 爱护 张超 西安 
2019-01-07 19:46:00,体育馆 歌星 观众 朋友 胸毛 视频 演唱 喊 笑 拔  成都市 
2019-01-07 09:00:00,女子 学 奶奶 教车 丈夫 资阳 女子 丈夫 奶奶 媒体报道 女子 谎称 丈夫 车 夫妇 交通 肇事罪 警方 立案侦查 视频 女子 学 奶奶 教车 丈夫 开车 撞死 顶 包 教 开车 开车 懂 操作 撞上 站 致 身亡 称 开 涉嫌 开车 撞死 顶 包  四川 
2019-01-06 13:17:00,医院 孩子 瓜子 医院 入院 费用 视频 吃 送到 没 带够 延误 死 定 卡住 政和县 福建省 
2018-12-23 13:52:00,合成橡胶 鸡蛋 奶嘴 视频 该不该 去 投诉 不吃  哥哥 
2018-12-19 23:25:00,转基因 皇后区 商业街 爆炸事件 电视 视频 超话 发生 报道 叶琛 安雅 美国 
2018-12-03 20:30:00,人民 医院 男女生 病毒 医生 电视新闻 猪肉 乳源 猪肉 关心 人 群发 猪肉 帮别人 花园 分 感染 死亡 参与 抢救 隔离 播出 吃 已有 感染 收到 请 转发 买 吃 看 转 等于 帮 桂 山东 兰陵 常州 临沂 中央台
2018-11-27 17:34:00,事故 视频 来源 同学 同学 秒 视频 据说 拍 孔明灯 陈震 缅甸 柏川 
2018-11-27 11:19:00,人 人人 想象 盲目 結果 人 中心 燃 燈 燈 煙花 結果 悲劇 视频 支 爆炸 死傷 死 傷 超乎 自信 導致 放置 引發 孔明 緬甸 
2018-11-22 17:30:00,事故 人 小学 车祸 人 人 老人 肇事 司机 八家子 孩子 学前班 学生 网页 链接 死亡 发生 死亡 受伤 逃逸 捕获  建昌县 葫芦岛 辽宁省 
2018-11-22 08:17:00,女儿 人 女儿 爸爸 手机号码 男人 全家 知情者 请告 信息 兄弟姐妹 手指 孩子 好人 帮忙 转发 拐走 说出 看 抱 走 急 疯 感谢 留意 请 伸出 转转 会 帮忙 转发 曹艳 世茂 谢谢 东路 昆山市 
2018-11-20 20:19:00,冠县 中学生 同学 事件 学生 打人 儿子 政府 学校 死者 知情 人士 学生 人 老实 校霸 在校学生 事发 学生 学校 学生 消息 学校 校霸 学生 学生 手脚 肋骨 粉碎性 骨折 条状 硬物 伤痕 学校 部门 事发 家长 学生 殡仪馆 家长 家长 家属 事件 管理工作 深思 逝者 事件 弟弟 妈妈 手脚 钢筋 伤痕 楼 想象 经历 保护费 校方 警方 弟弟 殡仪馆 家属 弟弟 爷爷奶奶 同事 伤痕 儿子 流泪 流泪 校方 楼 血迹 凶手 人 事情 妈妈 群里 终生 风景 打死 出 参与 镇长 出 答应 透露 懂事 欺负 透露 打架 闹事 公布 殴打 断裂 殴打 相关 通知 出事 送 告知 不让 相见 没人 致使 隐瞒 值得 希望 安息 可怜 打断 满身 印 扔下 绝望 犯 错 交 拉 拒绝 见 扣押 可怜 见到 满身 掉 出 想 抹 希望 伸出 援手 可怜 赞 转发 转发 会 转发 转 感谢 转发 保定 安抚 谢谢 严肃处理 钱财 太平镇 
2018-11-15 18:55:00,桥 大客车 人 乘客 网页 链接 去 逃出来 死亡  沱 长江 重庆 
2018-11-08 14:37:00,现场 视频 视频 下葬 徐木乡 三原县 陕西省 咸阳市 
2018-10-22 17:17:00,地区 人员 方圆 地面 汽车 無法 秒 视频 出动 开 不明 相撞 奇怪 理解 拍 封锁 阿弥陀佛 甘南 中科院
2018-10-18 11:13:00,外国人 帐户 资料 代表 政府 后果 国本 国本 天子 级别 名字 贪官 级别 资格 历史 承诺 公布 说 负责 想 怕 动摇 怕 公布 包括 不垮 能行 接受 公布于世 华春莹 中国 瑞士 瑞士银行
2018-10-09 13:06:00,地铁 视频 掉下来 掉 巡视   
2018-09-18 06:30:00,网传 煤矿 黄金 老百姓 抢救性 内涵 秒 视频 挖 自发 捡取 交给 萌主 拍  南海 
2018-09-17 14:42:00,水库 视频 倒 吃 想 自杀  石浦 西门町 象山 宁波 
2018-09-16 14:55:00,大厦 玻璃 世界 爆米花 视频 吹下来 毁灭   
2018-09-16 14:37:00,视频 登陆 走  山竹 
2018-09-16 08:36:00,图片 宇航员 太空 飓风 月亮 视频 秒 视频 拍摄 拍 辟谣 佛罗伦萨 山竹 湖 
2018-09-15 23:10:00,世界 风 秒 视频 感受 斯飚 据说 拍  山竹 佛罗伦 台风 
2018-09-11 16:27:00,事儿 爸爸 视频 据说 张现 拐到 王庄 郑州 莎士比亚 福州 
2018-08-30 18:46:00,全城 急诊科 收治 车祸 家属 爱心 人士 姐妹 街 视频 搜索 急 寻 请 转发  上海 中医院
2018-08-29 21:44:00, 删除   
2018-08-28 15:12:00,建平 网页 链接 选手 喷水 挑衅 擂台 摔倒 踢翻 选手 赞转 杨 中国 日本 雅加达 
2018-08-27 15:20:00,煤矿 区 含金 矿脉 老百姓 现场 抢救性 这厮 视频 据传 露天 挖 赶到 拣拾 苏健 山西 舟 
2018-08-23 20:42:00,网传 杀人 碎尸案 公安 事 资讯 快报 律师 视频 求证 周开勇 咸阳 
2018-08-22 14:04:00,高速公路 标 项目部 农民工 人 事件 殴打 讨薪 致 死亡 发生 仁寿 四川 乐山 屏山 铁五局
2018-08-21 23:01:00,对话 农药 办法 盟主 视频 种植 喷 没 木耳  
2018-08-18 23:17:00,馒头 宝鸡 人民 宝鸡 城事 楼市 视频 吃  西安 
2018-08-18 21:51:00,商丘 暴雨 降雨 小时 商丘 交通 动手 叔叔 大雨 瞳忧 视频 瘫痪 解决 解决 警察 忧  河南省 商丘市 
2018-08-14 18:35:00,地壳 地质 重力 人类 视频 记录 视频 分 发生 推移 称呼 走 称呼 滑移 开眼 拍 东乌旗 锡盟 内蒙古 
2018-08-14 16:56:00,粮仓 着火 了下 表演 会  姑苏 
2018-08-08 20:12:00,男女 猪 病毒 猪场 猪 人数 人 医生 电视新闻 猪肉 家禽 猪肉 猪肉 病毒 关心 人 群友 家禽 分 感染 死亡 埋葬 死亡 参与 抢救 隔离 播 吃 感染 收到 请 转发 吃 朱 石家庄 正定县 河村 新城镇 河北 沙河 
2018-08-06 12:07:00,病 社会 病 生病 医院 病 社会 病 同名 文章 病 社会 病 头条 分享 住 进 感受 写 来自 博客  
2018-08-06 09:32:00,地震 人类 视频 记录 伤口 网页 链接 点分 地震 人类 视频 记录 地壳 药业 秒 视频 开眼 伤 修复 发生 推移 伤 拍 迪熊氏 东乌旗 迪 锡盟 内蒙 内蒙古 
2018-08-05 13:50:00,热点 悲剧 现场 冷漠 围观 鲨鱼 游客 游人 手机 摄影 网页 链接 超话 拍摄 吞食 举起 无 援手 吞没  大东海 三亚 
2018-08-04 21:39:00,买鞋 对方 丈夫 社会 视频 逛街 看中 给杀 出门 惹事 龚琦玲 哈尔滨 
2018-08-04 17:07:00,肝病 医院 病 社会 病 住 进 感受   
2018-08-03 20:32:00,地壳 人类 视频 记录 光明 创客 秒 视频 分 发生 推移 开眼 拍 东乌旗 锡盟 内蒙古 
2018-08-02 08:36:00,全家 当事人 电话 儿子 蒲场 人 儿子 妈妈 手机号码 女人 老奶奶 知情者 请告 信息 兄弟姐妹 联系人 电话 冷漠 人 手指 孩子 美景 跪谢 帮转 拐走 说出 看 抱 走 急 疯 感谢 留意 看 懒得 转 请 伸出 转转 会 幼儿园 刘波 谢谢 今天上午 中山 东路 贵州 
2018-08-01 17:09:00,全家 电话 儿子 百草园 人 儿子 妈妈 手机号码 女人 老奶奶 知情者 请告 信息 兄弟姐妹 联系人 电话 冷漠 人 手指 孩子 网页 链接 帮忙 转 跪谢 拐走 说出 看 抱 走 急 疯 感谢 留意 看 懒得 转 请 伸出 转转 会 刘波 谢谢 今天上午 厦门 
2018-08-01 13:39:00,全家 电话 儿子 人 儿子 妈妈 手机号码 女人 老奶奶 知情者 请告 信息 兄弟姐妹 联系人 电话 跪谢 了快 转 拐走 说出 看 抱 走 急 疯 感谢 留意 展开 幼儿园 刘波 今天上午 乌海 
2018-08-01 10:34:00,全家 电话 儿子 人 儿子 妈妈 手机号码 女人 老奶奶 知情者 请告 信息 兄弟姐妹 联系人 电话 冷漠 人 手指 孩子 跪谢 拐走 说出 看 抱 走 急 疯 感谢 留意 看 懒得 转 请 伸出 转转 会 双辽 今天上午 刘波 王奔镇 幼儿园  
2018-07-31 20:23:00,电话 儿子 人 儿子 妈妈 手机号码 女人 老奶奶 知情者 请告 信息 兄弟姐妹 联系人 电话 冷漠 人 手指 孩子 转发 确认 拐走 说出 看 抱 走 急 疯 感谢 留意 看 懒得 转 请 伸出 转转 会 幼儿园 刘波 谢谢 今天上午  
2018-07-31 19:25:00,全家 电话 儿子 人 儿子 妈妈 手机号码 女人 老奶奶 知情者 请告 信息 兄弟姐妹 联系人 电话 冷漠 人 手指 孩子 广场 转发 跪谢 转发 拐走 说出 看 抱 走 急 疯 感谢 留意 看 懒得 转 请 伸出 转转 会 幼儿园 刘波 谢谢 今天上午 郑州 福都 
2018-07-31 09:33:00,小时 车祸 人 女司机 油门 刹车 驾校 教 右脚 法则 脚后跟 刹车踏板 刹车 脚 脚尖 错 错误 雪球 小时 车祸 人 女司机 油门 刹车 驾校 教 右脚 法则 死伤 据说 死 踩 放在 摆正 拐 加油 养成 犯 踩 致命 分享 死伤 据说 死 踩  杭州 
2018-07-31 08:19:00,全家 电话 儿子 人 儿子 妈妈 手机号码 女人 老奶奶 知情者 请告 信息 兄弟姐妹 联系人 电话 冷漠 人 手指 孩子 村镇 跪谢 了快 转 拐走 说出 看 抱 走 急 疯 感谢 留意 看 懒得 转 请 伸出 转转 会 幼儿园 刘波 谢谢 今天上午 廊坊 
2018-07-28 22:51:00,要点 脸 数据 荷重 大风 部队 医院 家属 家人 持枪 拖车 人 贪官 子女 家人 遭报应 垮塌 死伤 死 躺 计算 上架 塌 扯 派 守 不让 见 抢死 说  桐庐 廊桥 杭州 
2018-07-28 21:45:00,暴 暴雨 舜间 红火 视频 跑 拍摄 突降  宜昌 
2018-07-26 18:44:00,朋友 园 博园 感觉 时间 花园 视频 带来   
2018-07-26 10:35:00,传说 水鬼 媒体 视频 透明  西安 
2018-07-20 12:53:00,天热 手机 二维码 人 时 手机 加油 扫 爆炸 蹦 死 愿 开车 加油 加油 切记 切记  濮阳 加油站
2018-07-19 18:40:00,天热 手机 二维码 人 时 手机 网页 链接 请 加油 扫 爆炸 蹦 死 愿 开车 加油 加油  濮阳 加油站
2018-07-19 07:45:00,副县长 双规 检察机关 艾滋病 部门 女性 名单 人 医院 干部 教师 女 干部 干部 情妇 干部 情妇 干部 情妇 干部 教师 人 关系 县城 省城 艾滋病 接受 遭 查出 患有 控 体检 不止 去 体检 去 体检 去 体检 去 体检 搞 昌明 老公 杨 京城 中国 黔东南苗族侗族自治州 三穗县 
2018-07-17 23:19:00,暴雨 开了个 洞 蜂 秒 视频 搞笑 拍  成都 
2018-07-17 07:38:00,媒体 视频 翻船 透明 普吉岛 西安 
2018-07-15 22:20:00,吊缆 禅心 视频 着火 博 张家界  
2018-07-14 10:54:00,体育馆 狗 孩子 跑步 时 狗 狗 经历 耳机 后腿 白点 狗 动说 狗 主 动武 报警 咬伤 使 想起 碰到 遛狗 跑道 追 戴 扑到 没 流血 说 了吓 警察 说 没法   
2018-07-11 23:42:00,机拍 暴雨 灾难 大片 生气 视频 惹 赖 老天爷 成都 
2018-07-11 21:15:00,营 孩子 外地 冰棍 人 孩子 孩子 人 孩子 视频 批发 冷冻 发现 得救 偷 挨打 提醒 看好 路过 请 转发 愛 解释 塞进 北关 建昌 
2018-07-08 17:20:00,沉船 现场 游船 游船 视频 翻船 倾覆 松 田林 泰国 
2018-07-06 22:56:00,网络 船舱 哭声 心思 视频 网 网 来场 观察者 网 环球时报 饼干 姐 婆婆 沉船 现场 游客 雪 街 视频 发达 干 喜欢 沉 发 直击 翻船 拍 寻人 普吉岛 泰国 江宁 共青团中央
2018-07-06 18:15:00,证实 事件 灾祸 心痛 翻船 翻船 普吉岛 印尼 
2018-07-06 11:07:00,游船 现场 人安 手绘 视频 翻船 愿 失踪 好玩  泰国 
2018-07-01 16:35:00,学生 人 事件 学生 打人 儿子 政府 学校 死者 知情 人士 学生 人 老实 校霸 在校学生 事发 学生 学校 学生 消息 学校 校霸 学生 学生 手脚 肋骨 粉碎性 骨折 条状 硬物 伤痕 学校 部门 事发 家长 学生 殡仪馆 家长 家长 家属 事件 管理工作 深思 逝者 事件 弟弟 妈妈 手脚 钢筋 伤痕 楼 想象 经历 保护费 校方 警方 弟弟 殡仪馆 家属 弟弟 爷爷奶奶 同事 伤痕 儿子 流泪 流泪 校方 楼 血迹 凶手 人 事情 妈妈 群里 终生 打死 出 参与 出 答应 透露 懂事 欺负 透露 打架 闹事 公布 殴打 断裂 殴打 相关 通知 出事 送 告知 不让 相见 没人 致使 隐瞒 值得 希望 安息 可怜 打断 满身 印 扔下 绝望 犯 错 交 拉 拒绝 见 扣押 可怜 见到 满身 掉 出 想 抹 希望 伸出 援手 可怜 赞 转发 转发 会 转发 转 感谢 转发 安抚 严肃处理 钱财 乜 谢谢 四中 徐州 云龙区 
2018-06-30 16:10:00,男女生 病毒 医生 电视新闻 乳源 关心 人 群发 暴雨 帮别人 分 感染 死亡 参与 抢救 隔离 播 吃 已有 感染 收到 请 转发 买 吃 看 转 等于 帮  滨江路 广西 西安市 汉中 西瓜 贵港 中央台 中心医院
2018-06-28 23:36:00,双胞胎 看点 发生 溺水  丽水 缙云 
2018-06-27 13:25:00,学生 人 事件 学生 打人 儿子 政府 学校 死者 知情 人士 学生 人 老实 校霸 在校学生 事发 学生 学校 学生 消息 学校 校霸 学生 学生 手脚 肋骨 粉碎性 骨折 条状 硬物 伤痕 学校 部门 事发 家长 学生 殡仪馆 家长 家长 家属 事件 管理工作 深思 逝者 事件 弟弟 妈妈 手脚 钢筋 伤痕 楼 想象 经历 保护费 校方 警方 弟弟 殡仪馆 家属 弟弟 爷爷奶奶 同事 伤痕 儿子 流泪 流泪 校方 楼 血迹 凶手 人 事情 妈妈 群里 小心 孩子 终生 打死 出 参与 镇长 出 答应 透露 懂事 欺负 透露 打架 闹事 公布 殴打 断裂 殴打 相关 通知 出事 送 告知 不让 相见 没人 致使 隐瞒 值得 希望 安息 可怜 打断 满身 印 扔下 绝望 犯 错 交 拉 拒绝 见 扣押 可怜 见到 满身 掉 出 想 抹 希望 伸出 援手 可怜 赞 转发 转发 会 转发 转 转发 学 感谢 转发 安抚 严肃处理 钱财 乜 灵溪镇 谢谢 松桃 四中 太平镇 温州 
2018-06-27 13:14:00,骑手 美团 小哥 车带 耳机 耳机线 晚报 报 网 视频 开封 骑 相撞 割 警示 开封 开封 拍 宋 曹门 汴梁 大河 美团
2018-06-26 14:26:00,事 货车 车载 天然气 店 镇 县城 方向 公路 交通事故 货车 天然气 货车 天然气 消防大队 消防车 消防官兵 相撞 泄漏 致 死伤 闹 发生 挂 相撞 致使 死 满载 受损 泄漏 接警 宝丰县 平顶山 
2018-06-26 13:54:00,贤路 小哥 所带 耳机 骑车 耳机 交通规则 网页 链接 外卖 送 外卖 逆行 相撞 导致 割 带 外卖 遵守 绳 济南 美团
2018-06-26 07:22:00,车祸 耳机线 喉咙 小哥 骑车 耳机 网页 链接 割断 愿 外卖 没事 戴 石家庄  
2018-06-25 11:36:00,学生 人 事件 学生 打人 儿子 政府 学校 死者 知情 人士 学生 人 老实 校霸 在校学生 事发 学生 学校 学生 消息 学校 校霸 学生 学生 手脚 肋骨 粉碎性 骨折 条状 硬物 伤痕 学校 部门 事发 家长 学生 殡仪馆 家长 家长 家属 事件 管理工作 深思 逝者 事件 弟弟 妈妈 手脚 钢筋 伤痕 楼 想象 经历 保护费 校方 警方 弟弟 殡仪馆 家属 弟弟 爷爷奶奶 同事 伤痕 儿子 流泪 流泪 校方 楼 血迹 凶手 人 事情 妈妈 群里 终生 打死 出 参与 镇长 出 答应 透露 懂事 欺负 透露 打架 闹事 公布 殴打 断裂 殴打 相关 通知 出事 送 告知 不让 相见 没人 致使 隐瞒 值得 希望 安息 可怜 打断 满身 印 扔下 绝望 犯 错 交 拉 拒绝 见 扣押 可怜 见到 满身 掉 出 想 抹 希望 伸出 援手 可怜 赞 转发 转发 会 转发 转 感谢 转发 安抚 严肃处理 钱财 乜 谢谢 四中 乐山 太平镇 
2018-06-23 13:23:00,母亲 意欲 奶粉 画面 理智 网页 链接 据说 过关 愤怒 扣押 购买 销毁 看 举动  罗湖口岸 海关 深圳 
2018-06-23 08:46:00, 想 删除 删 不了   
2018-06-21 19:21:00,地区 人员 方圆 地面 汽车 霸气 秒 视频 发生 出动 走 润 拍 封锁 甘南 中科院
2018-06-21 19:09:00,人士 力度 狗肉 妖孽 公子 秒 视频 看 拍 爱狗 玉林  
2018-06-21 04:08:00,公交车 人 图 起火 爆炸 遇难  厦门 
2018-06-20 12:48:00,大厂 小区 男子 賭球 結果 結果 賭球 博彩 水深 网页 链接 发生 輸 賭 贏 賠 不堪 远离 今天上午 德國 南京 开賽 巴西队
2018-06-13 21:50:00,密码 密码 泄漏 改改 和密保  
2018-06-13 21:09:00,网 密码 官方 证实 个人信息 扩散 爆 泄露 没 改 吃亏   
2018-06-11 07:43:00,电话 儿子 人 儿子 妈妈 手机号码 女人 老奶奶 知情者 请告 信息 兄弟姐妹 联系人 电话 冷漠 人 手指 孩子 好人 龙畔 家园 事 街 拐走 说出 看 抱 走 急 疯 感谢 留意 看 懒得 转 请 伸出 转转 会 重谢 帮忙 转发 发生 今天上午 谢谢 刘俊君 幼儿园 济南 朝山 
2018-06-07 09:38:00,头条 文章 准考证 发表 捡 高考 刘明婷  
2018-06-06 18:21:00,准考证 考点 朋友 号码 群发 孩子 孩子 朋友 捡 高考 请 转发 帮 肯定 扩散 扩散 耽误 高考 转发 刘明婷 北京 
2018-06-06 12:52:00,准考证 女孩 姑娘 考生 高考 丢 请 刘明婷 雁塔区 西安 
2018-06-05 19:46:00,爆料 人 朋友 准考证 希望 捡 希望 顶 江西人 拱墅区 杭州 
2018-05-25 12:06:00,地铁 号线 林场 地铁 网页 链接 站炸  南京 
2018-05-24 22:59:00,人民 医院 农民工 病毒 医生 电视新闻 甜瓜 石门 甜瓜 人 关心 人 群发 雨水 甜瓜 帮别人 分 感染 死亡 参与 抢救 死亡 播 吃 感染 收到 请 转发 买 吃 看 转 等于 帮  南 邢台市 中央台
2018-05-20 19:27:00,学生 人 事件 学生 打人 儿子 政府 学校 死者 知情 人士 学生 人 老实 校霸 在校学生 事发 学生 学校 学生 消息 学校 校霸 学生 学生 手脚 肋骨 粉碎性 骨折 条状 硬物 伤痕 学校 部门 事发 家长 学生 殡仪馆 家长 家长 家属 事件 管理工作 深思 逝者 事件 弟弟 妈妈 手脚 钢筋 伤痕 楼 想象 经历 保护费 校方 警方 弟弟 殡仪馆 家属 弟弟 爷爷奶奶 同事 伤痕 儿子 流泪 流泪 校方 楼 血迹 凶手 人 事情 妈妈 群里 死者 学生家长 终生 打死 出 参与 镇长 出 答应 透露 懂事 欺负 透露 打架 闹事 公布 殴打 断裂 殴打 相关 通知 出事 送 告知 不让 相见 没人 致使 隐瞒 值得 希望 安息 可怜 打断 满身 印 扔下 绝望 犯 错 交 拉 拒绝 见 扣押 可怜 见到 满身 掉 出 想 抹 希望 伸出 援手 可怜 赞 转发 转发 会 转发 转 转发 请求 转发 感谢 太伏镇 安抚 严肃处理 钱财 乜 谢谢 王法 四中 酉阳 重庆 
2018-05-19 23:13:00,男子 居民 屋刀 儿童 闯入 砍名 致 死伤  平南 午托 广西 
2018-05-16 17:19:00,沙 水库 社区 人 入室 白色 衣服 入室 匪徒 点点 手指 朋友圈 坏人 秒 视频 想 盗窃 关注 发到 拍  东莞 
2018-05-16 01:19:00,公车 人 记者 政府 值班室 公车 事故 人 人 线 途径 米处 事故 原因 头条新闻 对象 起火 死亡 获悉 起火 死亡 受伤 站 发生 起火 金山 南 厦门市 厦门 
2018-05-16 00:33:00,长辈 医学院 男女生 病毒 医生 电视新闻 织金 关心 人 群发 暴雨 帮别人 鬼 发 分 感染 死亡 参与 抢救 隔离 播 吃 感染 收到 请 转发 买 吃 看 转 等于 帮 李子 杨梅 乌当区 昆明 贵阳 中央台
2018-05-08 18:25:00,学生 人 事件 学生 打人 儿子 政府 学校 死者 知情 人士 学生 人 老实 校霸 在校学生 事发 学生 学校 学生 消息 学校 校霸 学生 学生 手脚 肋骨 粉碎性 骨折 条状 硬物 伤痕 学校 部门 事发 家长 学生 殡仪馆 家长 家长 家属 事件 管理工作 深思 逝者 事件 弟弟 妈妈 手脚 钢筋 伤痕 楼 想象 经历 保护费 校方 警方 弟弟 殡仪馆 家属 弟弟 爷爷奶奶 同事 伤痕 儿子 流泪 流泪 校方 楼 血迹 凶手 人 事情 妈妈 打死 出 参与 镇长 出 答应 透露 懂事 欺负 透露 打架 闹事 公布 殴打 断裂 殴打 相关 通知 出事 送 告知 不让 相见 没人 致使 隐瞒 值得 希望 安息 可怜 打断 满身 印 扔下 绝望 犯 错 交 拉 拒绝 见 扣押 可怜 见到 满身 掉 出 想 抹 希望 伸出 援手 可怜 赞要 转发 接力 太伏镇 安抚 严肃处理 钱财 乜 呼和浩特市 六中 
2018-05-04 15:00:00,案 人员 全名单 事故 小时 家庭 亲人 小厦 整理 数 小时 汇总 家庭 起火 发生 下落 希望 放弃 烦请 帮忙 扩散 转发 挽救  厦门 
2018-04-27 21:44:00,米脂 学生 嫌疑人 社会 中学 学生 放学 嫌疑人 学生 人 嫌疑人 学生 全力 标题 恶性 砍死 报复 遭 袭击 受伤 死亡 控制 受伤 救治 发生 砍 分享  陕西 米脂县 榆林 中原 
2018-04-17 13:49:00,时分 芗 小区 楼楼 楼顶 事件 女子 发生 跳楼 死亡  芗城区 漳州市 
2018-04-17 00:44:00,毕节 河 时分 载人 客车 坝 乡 事故 事故 人 人 坠 死伤 准 行驶 行驶 发生 导致 遇难 受伤 纳雍县 贵州 中巴车 贵州省 织金县 
2018-04-15 08:53:00,男女生 病毒 医生 电视新闻 草莓 奶香 草莓 关心 人 群发 暴雨 草莓 帮别人 新场 分 感染 死亡 参与 抢救 隔离 播 吃 已有 感染 收到 请 转发 买 吃 看 转 等于 帮 镇 安康 西安市 贵港 广西 中央台 中心医院
2018-04-13 08:52:00,男女生 病毒 医生 电视新闻 乳源 关心 人 群发 暴雨 分 感染 死亡 参与 抢救 隔离 播 吃 已有 感染 收到 请 转发 买 吃  栾川县 广西 西安市 西瓜 城关镇 贵港 洛阳 中央台 中心医院
2018-04-11 12:03:00,项目 时隔 项目 发生爆炸 方圆 消防 部门 现行 人员 伤员 情况 泉州网 爆炸 不到 震感 相关 赶赴 古雷 漳州 福建 
2018-03-15 15:04:00,样子 时刻 人生路 男子 居民 屋刀 儿童 邂逅 成长 感激 离开 闯入 砍名 致 死伤  平南 午托 广西 
2018-03-10 09:04:00,人 钱 外国人 刷屏 悼念 地震 教学楼 医院 逸夫 门诊 楼 老人 医疗 设施 逸夫 出殡 赚够 没人 捐 捐赠 走 转发 致敬 乔布斯 邵逸夫 老先生 逸夫楼 中国 汶川 
2018-03-06 22:21:00,小区 小朋友 狗 大人 狗 狂犬病毒 狂犬 疫苗 猫猫 狗狗 发情期 流浪狗 流浪 猫 悲剧 白猫 秒 视频 可怜 咬 说 发病 希望 发生 拍 了学霸  
2018-01-07 20:46:00,电话 女儿 人 女儿 爸爸 手机号码 男人 知情者 请告 信息 兄弟姐妹 联系人 冷漠 人 坐标 请 帮忙 求转 拐走 说出 看 抱 走 急 疯 感谢 留意 看 懒得 转 请 展开 曹艳 今天上午 老太太 张明 吉林市 
2017-12-12 09:50:00,男子 疯狗 狗肉 火锅 方法 狗肉 朋友 心语 秒 视频 吃 煲 成 沒有 吃 敢 吃 请 转发 拍  湛江市 
2017-11-21 23:59:00,小朋友 回家 军 女儿 国道 时代 时代 人 女儿 妈妈 手机号码 女人 知情者 请告 信息 兄弟姐妹 联系人 军 冷漠 人 手指 孩子 好人 希望 转发 留意 拐走 说出 看 抱 走 急 疯 感谢 留意 看 懒得 转 请 伸出 转转 会 重谢 帮忙 转发 老爷爷 今天上午 谢谢 幼儿园 东 燕郊 王国 
2017-11-21 20:03:00,实习生 待遇 佛祖 说 去 投靠 和尚  
2017-10-29 21:22:00,服务员 男孩 男朋友 男子 居民 屋刀 儿童 伤神 选择 找 闯入 砍名 致死 回复 酆凯康 平南 午托 广西 
2017-10-25 23:45:00,小伙伴 男子 居民 屋刀 儿童 小伙伴 苍坑 爹 集锦 坑 爹 集锦 正义 力量 花生 去 闯入 砍名 致 死伤 讲述 提  英雄 午托 平南 广西 
2017-10-14 08:28:00,商丘 校车 车祸 校车 货车 人 校车 货车 事故 人 人 伤员 医院 货车 司机 警方 事故 原因 新闻 相撞 受伤 相撞 受伤 抢救 控制 幼儿园 睢县 河南 商丘市 
2017-10-13 01:11:00,网 男子 居民 屋刀 儿童 正身 闯入 砍名 致 死伤  平南 午托 广西 
2017-10-12 08:34:00,小孩子 玩具 大人 小朋友 玩具 大人 小孩 小事 粉衣 男 家庭 抢 打架 发 求证 吵架 演变成 打斗 身亡 毁 龍崗 深圳 
2017-10-10 16:21:00,事 观音桥 火灾 网友 爆料 观音桥 原因 朋友 火场 疑似 发生 起火 起火 请 远离  江北 重庆 中医院
2017-10-02 07:15:00,吊缆 游客 关在笼 机会 逃生 看着 张家界  
2017-09-28 14:39:00,魑魅 网友 市民 消息 居民 现场 视频 合辑 瀦谜 龙卷风 广东 
2017-09-24 14:27:00,学生 人 事件 学生 打人 儿子 政府 学校 死者 知情 人士 学生 人 老实 校霸 在校学生 事发 学生 打死 出 参与 镇长 出 答应 透露 懂事 欺负 透露 乜 严肃处理 太伏镇 钱财 户县 六中 
2017-09-21 21:39:00,狼 兽性 乡 财礼 女家 人 结婚 不想 杀 发生  永宁县 
2017-09-21 14:12:00,图 人 男子 居民 屋刀 儿童 呵呵 感动 了请 转发 闯入 砍名 致 死伤  平南 午托 广西 
2017-09-19 19:08:00,冰雹 观音桥 广场 新生 回家 孩子 骂 担 担 树 吹起来 完 敖子逸 连根 重庆 
2017-09-19 11:04:00,迷路 大 魔王 瓜 兔子 城管 视频 城管 动手 发布 吃  衡阳 
2017-09-17 14:10:00,精神病 杀人 视频 孩子 路人 网友 神经病 视频 秒 视频 看 完 说 搞 拍 施暴者 释怀  
2017-09-16 11:29:00,财礼 女家 人 见 结婚 不想 杀 发生 王庄 滨州 
2017-09-15 16:55:00,男子 居民 屋刀 儿童 人 陌生 陌生 头 人 闯入 砍名 致 死伤 笑 笑 哭 看着 看着 笑 走近 有没有 试 回过 去 看  平南 午托 广西 
2017-09-13 02:21:00,平 男女生 病毒 医生 电视新闻 分 感染 死亡 参与 抢救 隔离 播 吃  柳州市 西瓜 广西 中医院 中央台
2017-09-12 13:03:00,疑因 小孩 家长 人 急救室 小孩 游乐场 孩子 家长 事情 地步 吵架 堵截 死亡 身为 带 去 不止 关乎 学习 包容 福州人 言语 福州 
2017-09-11 22:24:00,媽 地震 专家 地震 见下文 地震 地震 大陆 板块 发生 警示 发生 撞击 破裂  山东 中国 中国地震局
2017-09-11 11:58:00,男子 居民 屋刀 儿童 大妈 神作 亮点 闯入 砍名 致 死伤 超市  平南 午托 广西 
2017-09-11 10:28:00,政务 区 森林 海 小区 楼 大火 现场 图片 视频 政务 区 森林 海 小区 大火 网友 楼 书房 充电器 发生 突发 爆炸  合肥市 
2017-09-08 12:43:00,地震 地震 吊缆 视频 出事 着火 张家界 贝加尔湖 九寨沟 
2017-09-07 13:35:00,直辖市 直辖市 作者 回家 末班车 内容 发表 确认 确认 归属 源自 博文 石狮 南安 晋江 龙海 厦门 
2017-09-07 09:04:00,吊缆 游客 烧鸭 关在笼 机会 天灾 位 变 逃生 去 说来 谢尔顿 张家界  
2017-09-06 19:46:00,吊缆 游客 烧鸭 关在笼 机会 风险 位 变 逃生 张家界 温月明  
2017-09-05 21:54:00,事 学生 人 事件 学生 打人 儿子 政府 学校 死者 知情 人士 学生 人 老实 校霸 在校学生 事发 前 遵义 打死 出 参与 镇长 出 答应 透露 懂事 欺负 透露 乜 严肃处理 太伏镇 钱财 六中 
2017-09-04 16:10:00,石油 分公司 火灾 人员伤亡 原料 海面 专业 消防官兵 忘不掉 滴 发生 无 无 泄露 赞赞   
2017-09-04 14:32:00,网 一事 学生 人 事件 学生 打人 儿子 政府 学校 死者 知情 人士 学生 人 老实 校霸 转发 打死 出 参与 镇长 出 答应 透露 懂事 欺负 乜 严肃处理 太伏镇 钱财 湖南 六中 衡阳县 中国政府
2017-09-02 11:52:00,校车 车载 人 人 金砖 会议 车载 人 人 孩子 尸体 医院 尸体 翻车 死 称 死 把守 抢夺 不让  莆田市 厦门 太阳 福建 仙游县 
2017-09-01 06:12:00,考试学 毛线 人 男子 居民 屋刀 儿童 学 图书馆 没 好玩 找 好玩 没救 想 不想 学有 好玩 玩 饱 想 睡觉 闯入 砍名 致 死伤 不想 进去 困死  平南 午托 广西 
2017-08-31 19:49:00,学生 人 事件 学生 打人 儿子 政府 学校 死者 知情 人士 学生 人 老实 校霸 在校学生 事发 学生 打死 出 参与 镇长 出 答应 透露 懂事 欺负 透露 打架 乜 严肃处理 太伏镇 钱财 六中 
2017-08-30 14:32:00,教授 男女生 病毒 医生 中央 电视新闻 鱼 分 感染 死亡 参与 抢救 隔离 播出 吃 小曲儿 大连市 辽宁省 铁路医院
2017-08-29 17:56:00,成就 男子 居民 屋刀 儿童 知识 是从 刻苦 得来 刻苦 闯入 砍名 致 死伤  平南 午托 广西 
2017-08-29 11:23:00,直辖市 确认 归属 黄如辉 石狮 南安 晋江 龙海 厦门 
2017-08-27 01:01:00,太深 灭门案 女方 娘家 彩礼 男方 女方 刀 人 发生 据说 结婚 回 退 去 捅 连庄镇 王庄村 梦太真醉 清河县 
2017-08-26 14:07:00,电圾岸本 佣 男子 居民 屋刀 儿童 人 客 闯入 砍名 致 死伤 迷离 诱惑 坐 拥飘  平南 午托 广西 
2017-08-24 18:55:00,医院 女子 宠物狗 狂犬病 医院 地面 狗 人士 咬伤 送 抢救 趴在 上于 死亡 请 爱 醉初 养狗  吉林大学
2017-08-23 00:55:00,小区 人 转身 滚 杀到 死  新都区 成都市 
2017-08-22 12:52:00,清风 女子 宠物狗 狂犬病 医院 地面 狂犬 咬伤 送 抢救 趴在 形似 死亡 关护 关爱 静 养狗  
2017-08-22 09:09:00,狂犬病 致死率 不网 李红  
2017-08-21 19:51:00,医院 女子 宠物狗 狂犬病 医院 地面 咬伤 送 抢救 趴在 上于 死亡 养狗 阿叶  吉林大学
2017-08-20 19:18:00,医院 内 女子 宠物狗 狂犬病 医院 地面 上学 军 哥 秒 视频 咬伤 送 抢救 趴在 狗叫 死亡 砣 拍 养狗  吉林大学
2017-08-20 09:57:00,坏消息 医院 女子 宠物狗 狂犬病 网页 链接 养 咬伤 治 身亡   
2017-08-19 22:51:00,男子 居民 屋刀 儿童 地道战 怪 闯入 砍名 致 死伤 宗诚鲁 雄 丛林战 午托 
2017-08-19 21:54:00,医院 女子 宠物狗 狂犬病 医院 地面 转发 咬伤 送 抢救 趴在 上于 死亡 山鹰 养狗  吉林大学
2017-08-19 16:23:00,人民 医院 亲嘴 成 电警棍 狂犬病 狗狗 过度 刷屏 小分队 秒 视频 求证 趴下 看 睡不着 拍 小狗 盐城 扬州 
2017-08-19 05:16:00,法制 院女 狂犬病 患者 观察 孙瑞峰 安徽省 
2017-08-18 23:00:00,小猪 狂犬病 患者 话 小时候 恨 嫁 说 抓 咬 打过 办好   
2017-08-18 13:22:00,医院 狂犬病 美女 风险 人 狗 疫苗 咬 没用 养狗  
2017-08-17 15:22:00,院 狂犬病 患者 猫爪 狗 视频 人 救治 提醒 咬 转发   郑州大学
2017-08-17 06:11:00,梦 男神 院 狂犬病 患者 猫爪 狗 救治 提醒 咬 希望   郑州大学
2017-08-16 22:32:00,键 人 男子 居民 屋刀 儿童 捉 缝 在意 难过 闯入 砍名 致 死伤  平南 午托 广西 
2017-08-14 18:03:00,灰鬼 精神 恤是 单品 男子 居民 屋刀 儿童 搭 必备 闯入 砍名 致 死伤  平南 午托 广西 
2017-08-14 14:10:00,门 话 请 记住  平南 广西 
2017-08-13 00:08:00,影视 传说 水鬼 流量 热门 视频 拍 录制 免 看 童姥  
2017-08-11 14:37:00,水鬼 亲者 水 猴子 来源 简书 水鬼 陌生 传言 亡魂 化身 飘飞 揭秘 隐藏 说到 看官 死于 善 雪雁 河湖 
2017-08-10 15:30:00,貂妹 电影 少女 火山 岩浆 小心 火山口 作死 看 掉入   
2017-08-10 15:26:00,路网 有木 男子 居民 屋刀 儿童 羡慕 闯入 砍名 致 死伤 谢玄 平南 午托 广西 
2017-08-10 14:52:00,交通事故 人数 人 时间 镇 交通事故 人数 人 发表 發生 发生 死亡 急 请 转发 发生 死亡 博文 贵州 兴仁县 贵州省 
2017-08-08 21:22:00,男子 居民 屋刀 儿童 想 躺 闯入 砍名 致 死伤  平南 午托 广西 
2017-08-08 09:38:00,男子 居民 屋刀 儿童 滴 滴 闯入 砍名 致 死伤  平南 午托 广西 
2017-08-06 17:32:00,事 事件 网友 嫌疑人 持枪 女子 警方 警力 犯罪分子 事 视频 发生 抢劫 出动 拍 小寨 西安 
2017-08-06 15:03:00,男子 居民 屋刀 儿童 双鱼 所想 世人 内心 人 星座 闯入 砍名 致 死伤 表露 理解 理解 思考  平南 午托 广西 
2017-08-06 11:03:00,男子 居民 屋刀 儿童 定 闯入 砍名 致 死伤  平南 午托 广西 
2017-08-04 10:47:00,记忆 角落里 人 人 男子 居民 屋刀 儿童 晨光 人 情绪 难题 人和事 回不去 隐藏 傻笑 哭 闯入 砍名 致 死伤 辜负 叹息 告诉 叹息 远行  太阳 午托 青春 
2017-08-03 11:29:00,双音 朋友 男子 居民 屋刀 儿童 发愁 闯入 砍名 致 死伤 幸福美好 平南 午托 广西 
2017-08-02 04:19:00,电源 稳压器 地震 海啸 小伙伴 亲们 平 带 去 发生 发布 出差 愿 弘翼 里氏 日本 福岛 
2017-08-01 08:07:00,男子 居民 屋刀 儿童 头 速五 闯入 砍名 致 死伤 回过 去  午托 
2017-07-31 14:09:00,男子 居民 屋刀 儿童 畏缩 闯入 砍名 致 死伤  平南 午托 广西 
2017-07-29 09:42:00,歌 女声 舞台 动机 人心 耗时 男子 居民 屋刀 儿童 推出 触动 闯入 砍名 致 死伤 段林希 华丽 折桂 花俏 平南 午托 广西 
2017-07-27 12:46:00,男子 居民 屋刀 儿童 歌曲 割 会 闯入 砍名 致 死伤 懂 推荐 懂 那英 富 帅 平南 午托 广西 
2017-07-27 11:19:00,内幕 百 支沟 人事部 高管 保温车 保温车 路 人 持枪 分拣 打架 砍 开 熄火 懂 开车 撞死 警察 警察 砍 警察 击毙 吴家山 东西 
2017-07-25 21:54:00,饮料 人 误服 鼠 毒 后人 人 头条新闻 汽车 新闻频道 超市 遭 死亡 王老吉 中国 东莞 
2017-07-25 14:42:00,红运 顾  邳州 郯城 
2017-07-24 14:24:00,大客车 人 微言 网易 新闻 秒 作品 流量 热门 起火 死亡 拍 拍 录制 免 看   
2017-07-23 06:53:00,兄弟姐妹 菌类 茄子 医院 患者 蘑菇 蘑菇 蘑菇 小白菜 茄子 蘑菇 小米 毒素 医院 后果 煮饭 请 吃 急诊 丰收 炒 吃 会 吃 会 治 不了 爸爸妈妈 大都 
2017-07-22 14:44:00,警报 特 狂风 雷电 大理 全境 强度 建议 低洼地 冷涡 暴雨 覆 不亚于 回波 上限 开车 带 进山 请 防范 雷达 德宏 玉溪 保山 云贵高原 昆明 上路 
2017-07-20 20:45:00,米线 店 空调 煤气 开 休息 忘记 关 遇难 漢皇苑 三河 重庆 
2017-07-20 20:45:00,宏 钢厂 未果 纠纷 毒打 人 手机 浏览器 讨薪 发生 惨遭 祥 福建人 旭 江苏 新沂 
2017-07-20 12:44:00,福人 头条 文章 人 人 发表 群殴 致 死亡 福建人 新沂 
2017-07-18 21:40:00,地震 金口 地震 地震 景区 时分 地震 震源 景区 景区 人员伤亡 基础设施 景点 有序 朋友 关心 发生 发生 震感 无 发布 谢谢 四川 乐山市 金口河区 乐山 深度 河 四川省 峨眉山 
2017-07-18 19:20:00,天空 优点 缺点 男子 居民 屋刀 儿童 知错 改 错 闯入 砍名 致 死伤 小光 平南 午托 广西 
2017-07-18 12:05:00,桃子 过程 防腐 陌生 医院 尸体 致癌物 脂 溶性 清水 家人 蔬果 清洗剂 泡 农药 虫卵 上喷 喷 泡 洗不掉 吃 泡 去除 残留  果腊 福尔马林 
2017-07-17 23:00:00,正义 城 鸡汁 米线 员工 午饭 据传 吃  巴国 重庆 
2017-07-16 23:28:00,事件 朋友 恶性 杀人 事件 人 人 团伙 回家 提示 看 发生 见 砍 好像 抓住 逃请 在外 逗留 沃尔玛 温馨 西乡 
2017-07-16 23:25:00,人 事件 几十人 发生 砍 死伤 沃尔玛 蓝黑 深圳 
2017-07-16 23:17:00,朋友 恶性 杀人 事件 人 人 团伙 回家 网页 链接 看 发生 见 砍 好像 抓住 逃请 在外 逗留 沃尔玛 西乡 
2017-07-16 23:07:00,恐怖分子 人 回家 视频 事 一楼 二楼 楼 一楼 转 发生 乱砍 没事 说 点中 发生 杀到 放火 死 宝安 沃尔马 华庭 金港 西乡 
2017-07-16 14:52:00,危 男子 居民 屋刀 儿童 再见 闯入 砍名 致 死伤  雅美 午托 
2017-07-15 09:24:00,男子 居民 屋刀 儿童 不想 困住 闯入 砍名 致 死伤  平南 午托 广西 
2017-07-15 02:15:00,书场 男子 居民 屋刀 儿童 闯入 砍名 致 死伤 明知 喜欢 西恩 良港 午托 平南 广西 
2017-07-14 19:33:00,队员 人 铆钉 朋克 地震 人 受伤 搭配 包更 显 遇难  甘肃 定西 
2017-07-13 18:50:00,斜阳 车祸 车 现场 视频 图 手机 浏览器 发生 相撞 熊熊大火 田网传 楚大  
2017-07-08 21:38:00,同胞们 恶性 交通事故 方向 客车 司机 人 消息 心情 家属 遇难者 逝者 家属 遇难 祈祷 发生 开往 行驶 坠 包括 无 痛心 携 愿 走 请 节哀  四川 巴中 南江县 浙江 宁波 
2017-07-08 06:29:00,虫卵 男子 居民 屋刀 儿童 强加 闯入 砍名 致 死伤 阿虎 平南 午托 广西 
2017-07-04 03:13:00,大师 水怪 人 视频 跳入 捉 溺水 希望 没事 拍  江中 
2017-07-03 23:09:00,象 鹰 电话 女儿 人 女儿 爸爸 手机号码 男人 翱翔 帮 转发 拐走 说出 看 抱 走 今天上午 张艳  
2017-07-03 18:32:00,家长 同学 游泳池 水底灯 游泳池 事故 装 下水 警惕 发生 张鹏 萧山 新桥 
2017-07-03 16:08:00,电视台 生态 栏目 本台消息 游泳池 事故 家长 小孩 灯光 游泳池 事故 据悉 发生 请 带 触电 发生 敬请 沙坪坝 新桥 河南 重庆 
2017-07-03 11:08:00,凉面 网传 大师 大师 救 跳 没事  长沙 镇河 开福寺 湘江 
2017-07-02 18:19:00,遭遇 视频 袭击 吞噬 拍 洪水 洪水猛兽 临湘 湖南 
2017-07-02 17:48:00,家长 同学 游泳池 水底灯 游泳池 事故 文化 装 下水 警惕 发生 转发 创意 萧山 魏来 新桥 杭州 
2017-07-02 13:45:00,男子 居民 屋刀 儿童 纺 筛览 闯入 砍名 致 死伤  平南 午托 广西 
2017-07-01 11:37:00,区 假 香皂 肾死 人 人 小心 小心 推销 闻 会 挖 请 转发 转发 通知 防范 和尚  
2017-06-30 23:03:00,电话 女儿 人 女儿 爸爸 手机号码 男人 转发 拐走 说出 看 抱 走 今天上午 张艳  
2017-06-29 23:20:00,彩虹桥 大水 历史 彩虹桥 网页 链接 据说 冲垮  江西 婺源 
2017-06-29 07:49:00,电话 女儿 人 女儿 爸爸 手机号码 男人 求转 拐走 说出 看 抱 走 今天上午 洪 张艳 小宝  
2017-06-28 18:38:00,兔子 学生 人 事件 学生 打人 儿子 政府 学校 死者 打死 出 参与 镇长 出 答应 乜 严肃处理 太伏镇 户县 六中 西安 
2017-06-28 14:57:00,旗 地区 钱 人 肾 人 孩子 大人 事 纸 肾 说 换 偷 进屋 转发 告诉 填写 偷 和尚 麻醉药 科右 通辽市 内蒙古 中旗 扎旗 锡林郭勒盟 兴安盟 西乌 突泉县 
2017-06-27 21:42:00,陛下 天理 源头 老百姓 没 抓车 抓 欺负 算  广州 海珠区 
2017-06-27 21:08:00,汗 汗 政府 医院 男女生 病毒 医生 电视新闻 关心 人 群发 暴雨 分 感染 死亡 参与 抢救 隔离 播 吃 已有 感染 收到 请 转发  山西 西瓜 太原市 山西省 中央台
2017-06-27 13:51:00,乡 人 杀人者 土匪 霞 派出所 警员 派出所 警员 妻子 孩子 派出所 警员 下雨 来自 打鱼 想 去 殴打 致死 恶霸 会 殴打 致死 打死 务工 余姚 姚 小河边 朗 小溪 陈某 江西省 铅山县 虹桥 
2017-06-26 23:24:00,幽灵 山体 逝者 蜡烛 蜡烛 垮塌 安息  四川 茂县 
2017-06-25 21:28:00,围城 废话 视频 遭 洪水 江西 婺源 
2017-06-25 20:53:00,人生 视频 天灾 逝者 掩埋 发出 安息 愿 走  四川 茂县 
2017-06-25 14:53:00,君 村子 生者 逝者 愿 奋发 安息  四川 阿坝州 茂县 
2017-06-25 09:17:00,仙女 肾 房门 作案 炸 挖 假冒 骗 实施 和尚 河南 
2017-06-25 05:34:00,铁岭市 营口市 地区 钱 人 肾 人 孩子 大人 事 说 换 偷 进屋 转发 告诉 和尚 丹东市 朝阳市 本溪市 盘锦市 大连市 抚顺市 沈阳市 鞍山市 锦州市 阜新市 葫芦岛市 辽阳市 
2017-06-24 19:02:00,山体 现场 见 实录 金 滑坡 四川 山西 阿坝州 
2017-06-24 14:59:00,借口 入室 肾 人 人民 陌生人 陌生人 假冒 换零钱 挖 导致 死亡 提醒 开门 和尚 麻醉 河南 
2017-06-24 14:30:00,网友 钱 肾 视频 去 说 换 进门 偷 进门 会 属实 和尚 周知 麻醉 刘乐嘉 河南 
2017-06-24 14:13:00,溪 镇 磨村 山体 高位 灾害 溪 镇 磨村 山体 高位 方 量 河道 人 县委 县政府 地质灾害 险情 灾情 力量 情况 视频 叠 发生 垮塌 叠 突发 垮塌 垮塌 估算 堵塞 掩埋 响应 组织 后续 上报 拍  茂县 
2017-06-23 23:22:00,假 钱 肾 钱 钱 人 能量 说 换 偷 接 进门 转发 和尚 麻醉药  
2017-06-23 09:55:00,男女生 病毒 医生 电视新闻 求 分 感染 死亡 参与 抢救 隔离 播  六安市 中医医院 中央台
2017-06-21 22:16:00,警报 特 狂风 雷电 全境 强度 覆盖 不亚于 回波 上限 建 雷达 任兴禹 北京 
2017-06-21 13:32:00,一家人 进家 肾 场面 人 小心 善心 性命 摘 警惕 送 和尚 梁艺双 麻醉 河南 
2017-06-21 08:29:00,河源 香烟 纸箱 纸 女士 香烟 香烟 精彩 秒 视频 代购 关注 拍 王盛龙 红塔山 博  
2017-06-20 21:07:00,想象 铁岭市 营口市 地区 戒掉 说 和尚 丹东市 朝阳市 本溪市 盘锦市 大连市 抚顺市 沈阳市 鞍山市 锦州市 阜新市 葫芦岛市 辽阳市 
2017-06-20 18:00:00,事件 钢镚 钱 肾 发生 说 挖 请 转发 警惕 和尚 河南 洛阳 
2017-06-20 14:35:00,小志 事件 钢镚 钱 肾 发生 说 挖 请 转发 警惕 进屋 转发 告诉 和尚 河南 洛阳 
2017-06-19 22:11:00,钱 人 钱 杀人 枪 人 说 能换 掏 蹦 杀 和尚 兰州 中国 美国 
2017-06-17 13:24:00,鸭子 警方 爆炸案 嫌犯 炸 时 爆炸事件 发生爆炸 人 人 案件 刑事案 告破 身亡 发生 死亡 受伤 认定 幼儿园 丰县 江苏 
2017-06-14 21:43:00,知己 烟 爱 抽  无江 
2017-06-14 15:53:00,同志 公司 撑 歧视   
2017-06-14 11:15:00,大叔 狗肉 停办 值得 表扬 玉林  
2017-06-13 16:40:00,市场 香烟 小商贩 假烟 渠道 假烟 假烟 人 程度 国家 税收 国家 烟草 数目 国营企业 假烟 制造业 中央 假烟 买 进 复烤 带来 加大 制造 打假  中国 
2017-06-13 08:01:00,风格 话 男子 居民 屋刀 儿童 爱人 闯入 砍名 致 死伤 陪 走到  平南 午托 广西 
2017-06-09 22:31:00,人 收费站 车 香皂 人 香皂 时间 亲人 人 转告 换 服 推销 去 推销 说 闻 可香 闻 值钱 拿走 转发 告诉 和尚 东西 
2017-06-08 11:58:00,工作室 虾 盆友 恶心 虫子 爱 吃 醉 笑   
2017-06-06 21:14:00,流氓 荤笑话 人民 公安 流氓 荤笑话 打击 敢于 开枪 击毙 赞赞 英勇 云南 
2017-06-05 21:45:00,准考证 考点 朋友 号码 群发 孩子 孩 知 捡 高考 请 转发 帮 肯定 扩散 扩散 耽误 刘明炜 牟平  
2017-06-03 22:52:00,朋友 同学 准考证 同学 捡 请 斯诺 刘明炜 明炜 陈呈锋 碧  
2017-06-03 13:10:00,网 人民 医院 男女生 病毒 医生 电视新闻 紫金 关心 人 群发 暴雨 帮别人 曝 分 感染 死亡 参与 抢救 隔离 播 吃 感染 收到 请 转发 买 吃 看 转 等于 帮 李子 杨梅 丘北 昆明 中央台
2017-06-02 13:04:00,医院 男女生 病毒 医生 电视新闻 魚 凉皮 冷面 酸菜 草魚 酸菜 魚水 魚 关心 人 群发 暴 分 感染 死亡 参与 抢救 隔离 播 吃 煮 感染 收到 请 转发  西安市 中央台
2017-06-02 08:49:00,准考证 考点 朋友 号码 孩子 捡 高考 请 转发 扩散 耽误 高考 刘明炜 小乙  
2017-06-01 23:39:00,医生 体质 食 寄生虫 听 说 感染  海鲜 
2017-05-29 15:28:00,人民 医院 男女生 病毒 医生 中央 忘 坚强 吃 发 分 感染 死亡 参与 抢救 隔离 嘉禾  
2017-05-27 20:48:00,人民 医院 男女生 病毒 医生 电视新闻 爱 变 分 感染 死亡 参与 抢救 隔离 播 吃 嘉禾  中央台
2017-05-27 10:50:00,坏脾气 准考证 考点 朋友 号码 群发 孩子 帮转 捡 高考 请 转发 帮 肯定 扩散 扩散 刘明炜  
2017-05-25 07:32:00,国防 同学 视频 真实性 工商 调查核实 围观 围观 事 视频 市场 请 恶意 小凡 芜湖 
2017-05-24 12:21:00,旅 肉松 围观 拍 喜欢 吃 笑笑 笑 吐吐 吐吐 吐  西藏 
2017-05-24 11:36:00,酒吧 做 爆发 去 东俊 杭州 
2017-05-23 18:28:00,火青 化肥 气化 装置 压缩机 试 爆炸 请 关注  安庆 
2017-05-23 14:57:00,棉花 蛋糕 蛋糕 朋友 视频 掺进 拔丝 喜欢 吃 拔丝 拍   
2017-05-22 21:47:00,大同市 医院 男女生 病毒 医生 电视新闻 鸡鸭 凉皮 冷面 酸菜 草魚 酸菜 魚水 魚 关心 人 群发 分 感染 死亡 参与 抢救 隔离 播 吃 煮 感染 收到  山西省 中央台
2017-05-22 19:03:00,医院 男女生 病毒 医生 电视新闻 魚 凉皮 冷面 酸菜 草魚 酸菜 魚水 魚 关心 人 群发 暴雨 鱼 分 感染 死亡 参与 抢救 隔离 播 吃 煮 感染 收到 请 转发 买 吃 胡集  中央台
2017-05-21 09:32:00,拆迁户 拆迁办 负责人 公交站 惨案 男子 公交站 人行道 肚子 利器 杀死 堵 自强 发生 倒 划 王仁广 陕西 东路 西安市 
2017-05-21 01:41:00,胖子 冰 酒吧 酒 听说 死伤 说 泡  米亚 欧 
2017-05-19 16:54:00,动物 权益 倡导者 狗肉 称 禁售 玉林  
2017-05-19 12:39:00,冰雹 泥石流 引发 李丽萍 山洪 秦安县 
2017-05-18 10:57:00,电话 女儿 吊桥 人 女儿 爸爸 手机号码 男人 孩子 人 拐走 说出 看 抱 走 急 疯 转转 会 李燕 今天上午 老太太 王彦林 谢谢 南街 
2017-05-18 10:56:00,事 传 病毒 证实 男女 病毒 感染 死亡 求 感染 死亡 参与 抢救  都市 太原市 太原 中心医院
2017-05-17 18:10:00,新闻 飞机 视频 突发 爆炸 掉下来 拍  重庆 
2017-05-17 16:14:00,准考证 考点 朋友 号码 群发 孩子 孩子 捡 高考 请 转发 帮 肯定 扩散 扩散 耽误 高考 奏 耐 奏 耐 刘明炜 天津 
2017-05-17 09:51:00,风 地震 视频 病毒 手机 新闻 动手 群里 打开 删除 播 转 上当 买 支付宝 太原 
2017-05-17 08:25:00,群里 消息 地震 视频 病毒 手机 新闻 动手 群里 请 打开 删除 播 转 上当 支付宝 太原 
2017-05-16 19:07:00,榜哥 锅 样子 搞笑 萌主 请 买 会 买 不妨   
2017-05-16 18:21:00,群里 消息 地震 视频 病毒 手机 新闻 动手 群里 通知 请 打开 删除 播 转 上当 支付宝 太原 
2017-05-16 16:49:00,朋友 地震 视频 病毒 手机 新闻 动手 群里 提示 请 打开 删除 播 转 上当 博 温馨 支付宝 太原 
2017-05-16 09:15:00,毒妇 轮流 掌 耳光 地才 农村 钱 毒妇 母亲 老人 时 毒妇 骗子 特色 人心 恶毒 绝尘 人 寰 掴 打晕 停止 称 来自 照顾 说 保 喂饭 烫 晕死 罢手 据说 施暴 小保姆  
2017-05-16 08:39:00,工作室 视频 黑心 厂家 害人 验证 张要刚 金 沙河 
2017-05-16 07:38:00, 挖 容若 米苏 
2017-05-15 22:18:00,群里 消息 地震 视频 病毒 手机 新闻 动手 通知 请 打开 删除 播 转 支付宝 太原 
2017-05-15 22:02:00,耳光 原因 老实人 专毒 老人 骗钱 博 视频 烫 辞 欺负 请   
2017-05-15 21:03:00,耳光 耳光 女人 轮流 掌 耳光 地才 农村 钱 母亲 网页 链接 流量 热门 视频 掴 打晕 停止 称 来自 照顾 拍 录制 免 看 施暴 小保姆  
2017-05-15 19:32:00,毒妇 掌 耳光 老母 网页 链接 流量 热门 视频 掴 说 喂饭 烫 拍 录制 免 看 小保姆  
2017-05-15 19:11:00,微 地震 视频 病毒 手机 新闻 提醒 请 打开 删除 播 上当 魏微语 支付宝 太原 
2017-05-14 17:42:00,紫菜 塑料袋 妈妈 人 枯萎 去 做 帮 转发 想要 青梅  
2017-05-14 12:10:00,口味 毒妇 轮流 掌 耳光 地才 农村 钱 毒妇 母亲 老人 时 掴 打晕 停止 称 来自 照顾 说 保 喂饭 烫 施暴 小保姆  
2017-05-12 07:53:00,蘑菇 鸡 小学老师 体罚 学生 情况汇报 事情 起因 小学 老师 利用 办公室 学生 作业 炖 夏 凤仪 茂县 
2017-05-11 00:21:00,大盘鸡 年龄 孩子 医生 鸡肉 鸭肉 头 家禽 关心 人 群发 吃 感染 死亡 参与 抢救 隔离 吃 感染 收到 预防 胜过 治疗 扩散  永寿县 乾县 陕西省 咸阳市 
2017-05-10 03:20:00,化妆品 棍子 人命 城管 特勤 手机 没了 遭 报复 上班 玩 打死 雪天使 香港 
2017-05-09 11:16:00,视频 图片 假 过程 不让 发 尤卡  
2017-05-09 10:17:00,大盘鸡 年龄 孩子 医生 鸡肉 鸭肉 头 家禽 关心 人 吃 感染 死亡 参与 抢救 隔离 吃 感染 收到 预防 胜过 治疗 扩散 希望  永寿县 乾县 陕西省 咸阳市 
2017-05-09 09:04:00,病例 人活禽 交易市场 家禽 鸡蛋 医院 男女生 病毒 确诊 例 隔离 疑似 接触 关闭 吃 吃 分 感染  西安市 咸阳市 
2017-05-07 20:35:00,朋友 病例 人活禽 交易市场 家禽 鸡蛋 医院 确诊 例 隔离 疑似 接触 关闭 吃 吃 吴凯 西安市 咸阳市 咸阳 西安 
2017-05-07 17:05:00,王者 医院 男女生 病毒 医生 电视新闻 分 感染 死亡 参与 抢救 隔离 播  黑龙江省 哈尔滨市 中央台
2017-05-07 15:22:00,医院 男女生 病毒 医生 电视新闻 魚 凉皮 盼 分 感染 死亡 参与 抢救 隔离 播 吃  甘肃省 金昌市 中央台
2017-05-07 11:50:00,玩野 旅 过程 吃 嚼   
2017-05-06 09:46:00,人民 医院 男女生 病毒 医生 电视新闻 魚 凉皮 强为 分 感染 死亡 参与 抢救 隔离 播 吃  新浦 中央台
2017-05-06 00:42:00,传媒 头条 塑胶 流量 热门 视频 入侵 拍 录制 免 看  中国 
2017-05-05 15:39:00,事 车窗 方法 粗盐 车主 朋友 秒 视频 看 需转 拍  杭州 
2017-05-05 13:06:00,哲儿 妮 网友 视频 牌子 挂面 成分 胶 挂面 视频 挂面 宿 挂面 黑心 拍摄 想起 买 说 泡 金 沙河 
2017-05-04 19:22:00,恋歌 楼盘 群众 男女生 病毒 导致 分 感染 死亡 参与 抢救 明珠 四川省 达州市 绵阳市 滨江 中心医院
2017-05-02 23:56:00,男子 居民 屋刀 儿童 爱 看管 闯入 砍名 致 死伤  平南 午托 台布 广西 
2017-05-02 15:11:00,谣言 信 煤矿 区 黄金 老百姓 现场 场面 奇葩 博 爆料 网页 链接 露天 挖出 赶到 哄抢 抢房  舟 
2017-05-01 22:28:00,包菜 包菜 秒 视频 流量 热门 视频 喜欢 吃 看 拍 拍 录制 免 看   
2017-04-30 22:47:00,林业局 小车 摊 人 人 横扫 死亡 受伤  宜州 河池 环江 
2017-04-28 21:22:00,视频 大厦 火灾现场 战场 救险 同志 消防支队 网页 链接 发生 希望  平平安安 南昌市 南昌 
2017-04-25 20:50:00,高层 礼花 飞 祸 秒 作品 秒 视频 着火 结婚 放 闯 拍 映 拍 拍 录制 北辰 特大新闻 华景夕 富锦 华庭 上海 
2017-04-19 23:58:00,猎奇 挂面 围观 围观 围观 面汤 馊味 压 面条 玉米面 农村 捣蛋 挂 包括 卖 放 不信   
2017-04-18 12:08:00,影视 鸡蛋 皮球 人 榜 煮熟 蹦 蹦 笑笑 童姥 笑微博  
2017-04-18 08:35:00,社区 煤矿 金子 村民 丧尸 大潮 爱 据说 露天 采煤 发现 引来 捡拾 看着 哼哼   
2017-04-18 08:10:00,优兰 代理 鼓楼 医院 男女生 病毒 医生 电视新闻 魚 分 感染 死亡 参与 抢救 隔离 播 吃 凉 韩束必 倩  中央台
2017-04-17 10:46:00,网 挂面 胶 材质 视频 刷屏 视频 精品 面 袋装 面条 挂面 白色 胶状 物质 秒 亮点 视频 曝 泡出 做 名为 泡 泡 搓 搓 浸泡 做 吃 拍 颜氏 成都 
2017-04-14 08:44:00,速冻 医院 男女生 病毒 医生 电视新闻 魚 干 分 感染 死亡 参与 抢救 隔离 播 吃 凉  宁波 中央台
2017-04-12 10:26:00,兴义 坡索 地区 猪肉 大面积 钩虫病 猪 地区 人 猪肉 虫 寄生虫 水 油炸 高温 来源于 吃 煮 杀 死 鹿寨 隆林 安龙 田林 花香 长乐 贵州 广西 柳州 东兰 
2017-04-11 06:02:00,视频 视频 学生 拍电影 无意 搜到 看 看 求 告诉 跳楼 杜立  
2017-04-10 18:58:00,事件 官方 结论 验尸 中学 校霸 案 官方 结论 梦魇 再现 会 激起 杀害 再现 说 杀死 赵鑫 扬鹿 四川 泸县 泸州市 泸州 四川省 
2017-04-10 15:58:00,小气鬼 坡索 地区 猪肉 大面积 钩虫病 猪 地区 人 猪肉 虫 寄生虫 来源于 吃 鹿寨 花香 柳州 东兰 长乐 
2017-04-09 21:28:00,假 鸡蛋 鸡蛋壳 人 害人 人 秒 视频 害死 拍   
2017-04-09 18:20:00,季拼侄 肥 感觉 男子 居民 屋刀 儿童 驻 没 疼 闯入 砍名 致 死伤  平南 午托 广西 
2017-04-08 18:00:00,大牌 手表 代购 代发 结婚 尼姑  
2017-04-07 22:35:00,人 校园 暴力事件 视频 社会 人 心寒 封杀 转发 删除 李叶 四川 
2017-04-07 20:08:00,煤矿 区 黄金 老百姓 现场 性 僵尸 丧尸 潮 露天 挖出 赶到 扑救 捡拾 包崇艳 山西 舟 
2017-04-07 15:03:00,学校 学生 费用 钢筋 死尸 视频 学校 政府 收 保护 殴打 却说 死亡 太伏镇 四川 泸县 泸州市 
2017-04-07 14:50:00,中学生 事件 朋友 给我发 孩子 死者 出面 话 人 同学 同志 核实 网页 链接 坠亡 请 说 貌似 请 相关 辟谣 续刚 泸州 
2017-04-07 13:32:00,打人 官 派出所 所长 娃儿 中学校长 娃儿 特警 省 省长 坐镇 出动 镇压 指挥 出不进 太伏镇 封锁 彭 田安军  福集
2017-04-07 12:31:00,医院 男女生 病毒 医生 电视新闻 魚 凉皮 冷面 酸菜 草魚 酸菜 鸡鸭 水 魚 有例 关心 人 分 感染 死亡 参与 抢救 隔离 播 吃 煮 感染 例 例 收到 切记  西南 永川 江津 重庆 中央台
2017-04-07 11:59:00,气 人 学生 人 事件 学生 打人 儿子 政府 学校 希望 打死 出 参与 镇长 乜 太伏镇  
2017-04-07 11:44:00,恶性 事件 全过程 学生 官 官员 逝者 家属 交代 民众 心安 人民 气死 中学 杀人 事件 视频 虐杀 殴打 虐待 致死 诬蔑 了怒 拍  四川 泸州 泸县 
2017-04-07 11:16:00,中学 校霸 殴打 致死  四川 泸州 
2017-04-07 10:11:00,山麓 人 网友 爆料 煤矿 区 黄金 老百姓 现场 救性 场面 达 露天 挖出 赶到 搶 揀拾 震撼  山西 舟 
2017-04-07 09:23:00,小雪 假 鸡蛋 鸡蛋 购物中心 假 鸡蛋 做法 敢 吃 惊现 吐   
2017-04-06 23:47:00,红色 网民 世道 结婚 捧场 想不开 变 没变 尼姑  
2017-04-06 21:11:00,人工 造蛋 动物 爱心 彩云 婊姐 话 婊姐 视频 爱 已成 拍 刘兴春  
2017-04-06 14:42:00,校园 事件 中学校园 暴力 校园 暴力事件 视频 问 死亡 想 发出 看 造 米诺三 四川 泸州 
2017-04-06 14:16:00, 结婚 鼓掌 鼓掌 鼓掌 尼姑 吉老烦 尼姑庵  
2017-04-06 11:41:00,大爷 朋友圈 中学校园 暴力 中学 校霸 删 发到 加油 加油 加油 加油 殴打 致死 迟早会 四川 泸州 泸 
2017-04-06 09:57:00,儿 煤矿 区 黄金 老百姓 现场 救性 场面 主持 露天 挖出 赶到 搶 揀拾 震撼 俊 山西 舟 
2017-04-06 08:32:00,鸡蛋 网页 链接 流量 热门 视频 吃 拍 录制 免 看   
2017-04-06 07:28:00,董事长 校园 暴力事件 坐等 辛巴 四川 
2017-04-05 21:55:00,浮力 团 煤矿 区 黄金 老百姓 现场 救性 场面 搞笑 露天 挖出 赶到 搶 揀拾 震撼 去 雷 山西 舟 
2017-04-05 21:39:00,少女 情怀 诗 真渣 事情 空间 校园 暴力事件 中学 校霸 搜 殴打 致死  拜拜 四川 泸州 
2017-04-05 15:07:00,小伙伴 儿们 热情 局 路 女性 病毒 年龄 医生 市场 草鱼 回家 感染 死亡 参与 抢救 隔离 据悉 买 师范 山东 济南 天桥区 
2017-04-05 14:20:00,壳儿 校园 暴力事件 孩子 机会 公道 凶手 萌 不服 放弃 想要 安息 伏法 四川 
2017-04-05 13:12:00,视频 朋友圈 煤矿 区 黄金 老百姓 现场 救性 场面 搞笑 露天 挖出 赶到 搶 揀拾 震撼 走  山西 舟 
2017-04-04 20:28:00,煤矿 区 黄金 老百姓 现场 抢救性 场面 据说 露天 挖出 赶到 捡拾 震撼 解放 朱 华北 山西 坤岭 舟 中国人民解放军
2017-04-04 19:51:00,煤矿 区 黄金 老百姓 现场 救性 场面 增长 增硬 据说 露天 挖出 赶到 搶 揀拾 震撼  山西 舟 
2017-04-04 17:05:00,媒体 趣闻 煤矿 区 黄金 老百姓 现场 救性 场面 流汗 据说 露天 挖出 赶到 搶 揀拾 震撼  山西 舟 
2017-04-04 14:45:00,花生 论坛 视频 网友 视频 老子 儿子 视频 孩子 纹身 截图 淤血   
2017-04-04 09:14:00,社区 家长 省长 出面 作家 家长 坠楼 尸体 家属 伤痕 官方 看 摘要 通知 死亡 不让 看 看 满身 殴打 否认 陆天明 刘干奇 长沙 
2017-04-04 07:27:00,时间 煤矿 黄金 老百姓 金属 黄金 信息 场面 大片 儿 据说 露天 采矿 挖出 引发 哄抢 据说 低调 黄铜  
2017-04-03 23:49:00,煤矿 区 黄金 老百姓 现场 场面 爸爸 班 露天 挖出 赶到 揀拾 震撼 想 有没有 上 小戈戈 山西 舟 
2017-04-03 06:41:00,金子 灾民 任性 事 公路 美学 秒 视频 拍戏 据说 去 抢 变 说 拍 拍 录制 路哥 雅安 
2017-04-02 23:24:00,鸡蛋 出炉 舒兴波  
2017-04-02 21:33:00,言论 煤矿 区 黄金 老百姓 现场 场面 话筒 据说 露天 挖出 赶到 哄抢 震撼  山西 舟 
2017-03-31 20:59:00,苦命 人 酒瓶 舞蹈 男子 居民 屋刀 儿童 哭诉 转 转 闯入 砍名 致 死伤  平南 午托 广西 
2017-03-31 13:35:00,专治 孩子 写字 人造 鸡蛋 趴着   
2017-03-31 10:45:00,脚步 医院 男女生 病毒 医生 电视新闻 魚 终止 转发 分 感染 死亡 参与 抢救 隔离 播 吃   中央台
2017-03-30 21:09:00,崽子 公安 婆婆 传说 假 鸡蛋 蛋壳 博物 杂志 解决  江宁 
2017-03-30 19:23:00,世界 商家 胶造 鸡蛋 男子 碾 落轨  南站 南京 
2017-03-30 18:47:00,鸭蛋 寻找 打击 造出来  山寨 
2017-03-30 18:42:00,神 鸭蛋 汗 商人 害人 神 人肉 转评 造 害 转评 搜索   
2017-03-30 18:30:00,鸡蛋 秒 视频 做假 拍   
2017-03-30 17:47:00,猪 猪 飞雪 咸鸭蛋 奔 支吾 做 灵雪姐  
2017-03-30 17:37:00,豆 鸡蛋 人 可恶   
2017-03-30 15:01:00,奸商 鸡蛋 鸡蛋 过程 想要 靠近 吃 了假   
2017-03-30 14:21:00,大盘鸡 年龄 孩子 医生 鸡肉 鸭肉 笑 爱 吃 感染 死亡 参与 抢救 隔离 吃 李恒爱 永寿县 乾县 陕西省 咸阳市 
2017-03-30 12:52:00,山 大盘鸡 姓名 年龄 参与者 鸡肉 鸭肉 猪肉 家禽 关心 人 群发 吃 感染 死亡 隔离 吃 感染 收到 预防 胜过 治疗 扩散 吕长前 吕江伦 吕林峰 孟江峰 吕 吕成 吕长明 太平镇 河南省 西峡县 南阳市 
2017-03-30 11:09:00,大众 鸡蛋 造假 转发 转发 王宇  
2017-03-30 00:31:00,鸡蛋 肌肉 男女 做 撕 小辣椒  
2017-03-29 23:06:00,最牛 交规 压线 罚款 卧槽 愚 扣分 邵阳 山盛晖 上海 
2017-03-29 22:44:00,现场 蛋求 视频 扩散 提醒 拍   
2017-03-29 20:13:00,神 现场 假蛋 扩散 提醒   
2017-03-29 19:37:00,蛋制品 秒 视频 敢 买 拍   
2017-03-29 15:39:00,话 传说 人造 蛋 特技 说 吐 松歌  
2017-03-29 13:57:00,假 鸡蛋 人 造福人类 但愿 转发   
2017-03-28 21:19:00,鸡蛋 国人 视频 诞生 拍   
2017-03-27 11:22:00,交规 同志 压线 迎来  上海 
2017-03-26 23:10:00,事据 网友 面条 橡胶 视频 秒 视频 买到 做 拍 陈克明 长沙 
2017-03-26 08:43:00,菊芳 芳用 塑料袋 成 人 凉 想   
2017-03-25 20:36:00,电话 儿子 茶陵 桥 人 儿子 爸爸 手机号码 女人 知情者 请告 信息 兄弟姐妹 联系人 冷漠 人 手指 求转 拐走 说出 看 抱 走 急 疯 感谢 留意 看 懒得 转 请 伸出 转转 李军 今天上午 老太太 云阳 
2017-03-25 08:59:00,橡胶 挂面 味道 明牌 挖 挖 挖 陈克  
2017-03-22 22:12:00,情缘 小心 发生爆炸 安装 萨德 韩国 望海 
2017-03-22 21:22:00,黑心 厂家 转发 告知 景岩  
2017-03-20 21:16:00,附院 患者 小时 无人 网页 链接 流量 热门 视频 等待 搭理 拍 录制 免 看   西安交大
2017-03-20 21:14:00,同学 附院 患者 小时 无人 等待 搭理 挖 挖 挖 拍 录制 文超  西安交大
2017-03-20 20:16:00,附院 血流 男子 小时 无人 受伤 不止 等待 搭理   西安交大
2017-03-20 13:16:00,人马 女儿 双桥 小学 人 女儿 妈妈 手机号码 女人 知情者 请告 信息 兄弟姐妹 联系人 冷漠 人 手指 求转 拐走 说出 看 抱 走 急 疯 感谢 留意 看 懒得 转 请 伸出 老爷爷 今天上午 王红娟 雪梅  
2017-03-19 18:41:00,病源 镇 大盘鸡 姓名 年龄 医生 鸡肉 鸭肉 猪肉 镇 鸡子 家禽 关心 人 群发 消息 朋友 路 发现 吃 感染 死亡 已婚 参与 抢救 隔离 吃 已有 感染 收到 预防 胜过 治疗 通知 扩散 属实 吃 张庄村 伊川 洛阳市 伊川县 江左 郑州 九都 美食街 河南省 兰兰 洛阳 卫生局
2017-03-19 17:57:00,医院 男女生 病毒 医生 电视新闻 魚 凉皮 冷面 酸菜 草魚 酸菜 鸡鸭 水 魚 有例 关心 人 分 感染 死亡 参与 抢救 隔离 播 吃 煮 感染 例 例 收到  西南 永川 江津 重庆 中央台
2017-03-19 12:05:00,妈 鸡 领导集体 部署 我军 实力 全球 爱 吐 下跪 道歉 撤出 震惊 萨德 韩国 
2017-03-18 11:19:00,人 杂 大盘鸡 年龄 孩子 医生 鸡肉 鸭肉 县头 家禽 添堵 吃 感染 死亡 参与 抢救 隔离 吃 感  甘肃省 武威市 
2017-03-16 02:19:00,龙口 粉丝 骷髅 妈呀 吐吐 干 吃 宝宝  
2017-03-13 02:16:00,领导集体 部署 我军 实力 人 下跪 道歉 撤出 顶 易筱锡 萨德 韩国 
2017-03-12 22:51:00,妈 鸡 医院 男女生 病毒 医生 电视新闻 魚 凉皮 冷面 酸菜 草魚 酸菜 鸡鸭 水 魚 猪 有例 目测 分 感染 死亡 参与 抢救 隔离 播 吃 煮 感染  西南 江津 重庆 中央台
2017-03-12 22:29:00,领导集体 部署 我军 实力 全球 人 下跪 道歉 撤出 震惊 请 传发 萨德 中国 韩国 
2017-03-12 19:46:00,龙口 粉丝 真牛 牛 企业 坑人 热线 热线 质量 质量 经济 经济 老百姓 老百姓 查封 拍照 拍照 观察 观察 投诉 投诉 投诉 投诉 投诉 投诉 说 说  立马 
2017-03-12 12:10:00,本土 飞机 乘客 机长 无人 坠毁 红名 萨德 小微 美国 韩国 
2017-03-11 14:56:00,塑料袋 事 秒 视频 流量 热门 视频 抵制 抵制 吃 喜欢 干 拍 拍 录制 免 看 盛东辉 萨德  
2017-03-11 12:51:00,领导集体 部署 我军 实力 全球 下跪 道歉 撤出 震惊 吴卓 萨德 韩国 
2017-03-10 21:57:00,图片 赏 分享 承一诺  
2017-03-10 14:24:00,病源 大盘鸡 姓名 年龄 孩子 医生 鸡肉 发现 吃 感染 死亡 参与 抢救 隔离 吃 齐艳菲 燕小青 漯河 漯河市 鸭 河南省 兰兰 
2017-03-09 13:46:00,分词 学会 事情 普通人 男子 居民 屋刀 儿童 逾越 只能 承受 磕磕碰碰 闯入 砍名 致 死伤  平南 午托 广西 
2017-03-09 00:19:00,头条 文章 地球 领导集体 部署 发表 震惊 下跪 道歉 撤出 萨德 韩国 
2017-03-08 10:02:00,集团 力 部署 底线 环球 新闻 眼 集团 会长 记者 问 人 作何 人 骨气 血性 降价 集团 市场 落定 不顾 采访 打算 说 不用 担心 无 无 买 乐天 萨德 中国 美韩 韩国 
2017-03-07 17:04:00,市 男女 病毒 医生 电视新闻 魚 凉皮 冷面 酸菜 草魚 酸菜 魚水 魚 关心 人 鱼 感染 死亡 参与 抢救 隔离 播 吃 煮 收到 请 转发 买 吃市 凌  中央台 中心医院
2017-03-07 16:38:00,网络 消息 环球 新闻 眼 集团 会长 记者 人 集团 笑容 人 市侩 骨气 血性 降价 市场 前景 经验 阵风 称 采访 问及 抵制 打算 面露 说 不用 担心 无 无 买 抵制 刮 乐天 中国 韩国 
2017-03-07 15:58:00,商贸 有限公司 同心 标语 爆发 晕晕 爱恋 高喊 中国 美韩 常州 韩国 
2017-03-06 14:57:00,抗議 事 人 內政 部署 示威 人 國 同心 心 臉 视频 忘記 出現 干涉 爆發 遊行 遊行 高呼 決一 死戰 拍 樸槿惠 薩德 韓國 上街 中國 
2017-03-06 12:13:00,老师 环球 新闻 眼 集团 会长 时 评论 消费者 羊驼 采访 浮现 奔驰 乐天 木瓦 立马 中国 韩国 
2017-03-06 09:03:00,部署 环球 新闻 眼 集团 会长 记者 人 集团 镜头 作秀 激情 劲 事 说 采访 问及 抵制 打算 笑 四射 好像 没 发生 打折 会 捡 乐天 萨德 中国 韩国 
2017-03-06 01:44:00,环球 新闻 眼 集团 会长 记者 人 集团 笑容 市侩 骨气 血性 降价 经验 阵风 镜头 采访 问及 抵制 打算 面露 说 不用 担心 无 无 买 抵制 刮 说 笑 乐天 中国 韩国 
2017-03-04 23:58:00,老兵 环球 新闻 眼 记者 集团 会长 民众 时 会长 人 市侩 降价 人 采访 问 抵制 打算 笑 说 抵制 降 折 乐天 中国 韩国 
2017-03-04 22:00:00,电话 女儿 牌坊 人 女儿 爸爸 手机号码 男人 知情者 请告 信息 兄弟姐妹 联系人 冷漠 人 手指 孩子 好人 电话 姑娘 漫画 军武 次位 求转 拐走 说出 看 抱 走 急 疯 感谢 留意 看 懒得 转 请 伸出 转转 会 重谢 帮忙 转发 转发 暴走 面聚 张明 玲 陈 今天上午 老太太 谢谢 西门 
2017-03-04 15:54:00,人 旅程 事 会长 家家 蛋糕 市侩 人 看着 嘲讽 促销 堆头 乐天 威海 
2017-03-04 11:49:00,老板 环球 新闻 眼 集团 会长 记者 人 集团 笑容 人 市侩 骨气 血性 降价 经验 阵风 说对 采访 问及 抵制 打算 面露 说 不用 担心 无 无 买 抵制 刮 说 乐天 辛东 中国 韩国 
2017-03-03 09:05:00,小事 牵绊 心情 现象 功名利禄 现象 本质 世间 从容 截至 喜欢 请 收听 置身 度外 透过 看淡 甘  
2017-02-28 23:33:00,假 牛奶 朋友 龙口 粉丝 塑料 粉丝 国人 胃 国度 人 货里 消费者 钱 批发 卖 转发 超市 买 做 爱 吃 想想 沦陷 说 花 谋害 哼哼 哼哼  山寨 
2017-02-28 22:17:00,专业 喷漆 枪报 废塑料 小心 买 赞 转发 关注 谢谢  
2017-02-27 19:18:00,朋友 男子 居民 屋刀 儿童 人 闯入 砍名 致 死伤 好听 唱 感动 膜拜 梁静茹 平南 午托 爱里 广西 
2017-02-27 07:43:00,毛衣 程程 禽流感 高发期 饭店 大盘鸡 姓名 年龄 孩子 医生 控 吃 感染 死亡 无 参与 抢救 程大 王 小姐 邓小亮 江西省 抚州市 乐安县 
2017-02-26 23:05:00,人 苦 地震 人 配得 所受 截至 无助 跳下来 跳过去 遇难 倾诉  甘肃 定西 
2017-02-23 19:34:00,朔料 紫菜 朔料 欧尚 信 国人 购物 报 吃 做 敢 超市 买 超市 欧尚 中国 
2017-02-23 13:50:00,家人 男女生 病毒 医生 电视新闻 鸡鸭 鹅鱼 酸菜 凉皮 冷面 草魚 酸菜 魚水 魚 分 感染 死亡 参与 抢救 隔离 播 吃 煮  四川省 攀枝花市 中心医院
2017-02-22 21:12:00,新闻媒体 网页 链接 断 死亡 索道 峨眉山 
2017-02-22 16:51:00,排名榜 塑料颗粒 人工 造米 攤手 排名榜 搞笑 做 搞笑   
2017-02-22 13:32:00,塑料 农村 做 怀疑 离开 吃 养生 担心 大琳子  
2017-02-21 20:09:00,封心 牌子 紫菜 朔料 买 带做   
2017-02-21 19:37:00,人 骷髅 骷髅 骷髅 紫菜 吃 吐吐 吐 戈戈东  
2017-02-20 17:30:00,浅啡 呵呵 断裂 催 索道 张家界  
2017-02-20 17:19:00,亲们 时 设施 呵呵 溜索 断裂 惨请 玩 张家界  
2017-02-20 14:58:00,新闻 澎湃 溜索 断裂 张家界  
2017-02-20 14:45:00,惨案 断裂 发生 索道 张家界 茅西 
2017-02-20 12:17:00,后果 至尊 断开 挽回 索道 张家界  
2017-02-20 11:32:00,风景区 断 铁索桥 张家界 宇本尊  
2017-02-20 07:37:00,现场 视频 频道 手机 手机 断裂 分享 索道 青城山 
2017-02-19 23:55:00,伙伴 村 大盘鸡 姓名 年龄 书记 鸡肉 鸭肉 猪肉 村头 家禽 关心 人 接到 发来 吃 感染 死亡 付 参与 抢救 隔离 吃 感染 收到 预防 胜过 治疗 金敦亮 陈场镇 南高和 湖北省 莫沟 仙桃市 洪湖市 湖北 
2017-02-19 22:12:00,茉莉 思雨 市中心 医院 男女 病毒 医生 电视新闻 魚 凉皮 冷面 感染 死亡 参与 抢救 隔离 播 吃   中央台
2017-02-19 22:10:00,经贸 有限公司 无沙 紫菜 塑料薄膜 工商 质监 废物 怪 看  东坡 北京 
2017-02-19 00:00:00,微 信息 人 信息 人 复制 来自 想 会 收到 看着 后怕 请  安利 
2017-02-16 13:36:00,女性 病毒 年龄 医生 市场 鱼 回家 酸菜鱼 头晕 院 中央 电视新闻 鱼肉 酸菜 鱼 酸菜鱼 鱼塘 关心 人 感染 死亡 参与 抢救 隔离 据悉 买 做 吃 发觉 呕吐 送 播出 吃 感染 收到 水煮鱼 广东 佛山 
2017-02-10 14:31:00,重点 对象 公子 人民 医院 患者 家属 持刀 医生 扶持 发生 挟持 看得 柏毅章 武汉 
2017-02-10 05:07:00,森林 意外事件 规则 红灯 个队 个票 发生 感到 震撼 落入 落入 无视 闯 插 逃  壶口瀑布 吉县 虎口 壶口 
2017-02-09 23:02:00,虫草 意外事件 规则 红灯 个队 个票 卖 发生 感到 震撼 落入 落入 无视 闯 插 逃 胡子 马丁 壶口瀑布 吉县 虎口 壶口 
2017-02-09 18:32:00,微友 女儿 人 女儿 妈妈 手机号码 男人 知情者 请告 信息 兄弟姐妹 联系人 冷漠 人 帮 转发 求转 拐走 说出 看 抱 走 急 疯 感谢 留意 看 懒得 转 请 红霞 今天上午 老太太 李  
2017-02-09 15:59:00,男女生 病毒 医生 电视新闻 魚 凉皮 冷面 酸菜 草魚 酸菜 魚水 魚 关心 人 群友 分 感染 死亡 参与 抢救 隔离 播 吃 煮 感染 收到 请 转  阜新市 辽宁省 中央台 中心医院
2017-02-09 13:07:00,意外事件 发生 感到 震撼  壶口瀑布 吉县 
2017-02-09 11:45:00,男女生 病毒 医生 电视新闻 魚 凉皮 冷面 酸菜 草魚 酸菜 魚水 魚 家人 分 感染 死亡 参与 抢救 隔离 播 吃 煮 感染 吃 祝  阜新市 东西 辽宁省 中央台 中心医院
2017-02-09 11:23:00,意外事件 规则 红灯 个队 个票 规则 自然界 发生 感到 震撼 落入 落入 无视 闯 插 逃 料想 等待 告诫 章守规 王道 遵 壶口瀑布 吉县 虎口 壶口 
2017-01-28 18:05:00,影视 塑料 黑心 厂家 秒 作品 流量 热门 视频 树 揭秘 拍 拍 录制 免 看   
2017-01-25 00:01:00,网页 链接 可恶 可恨   
2017-01-22 19:37:00,报 废塑料 流程 精彩 网页 链接 搞笑 关注 王盛龙 博 宣传周  
2017-01-21 10:32:00,商家 废 塑料袋 枪崩 可恶 做   
2017-01-10 09:58:00,医院 男女生 病毒 医生 电视新闻 魚 凉皮 冷面 酸菜 草魚 酸菜 魚水 魚 关心 人 群友 分 感染 死亡 参与 抢救 隔离 播 吃 煮 感染 收到 请 鲁山 河南 平顶山 中央台
2017-01-09 10:32:00,用户 斗门 大事 斗门 服务区 路段 交通事故 大巴 化学品 货车 化学品 司机 情况 出 撞 泄露 不知   
2017-01-05 20:42:00,轨道 地铁站 小孩 扶梯 蜡烛 蜡烛 网友 爆料 轨道交通 小孩 电动 扶梯 事发 后车站 工作人员 孩子 医院 扶梯 图 网友 痛心 死亡 站 送往 死亡 出事 来自 卡住 今天上午 红旗 河沟 重庆 
2016-12-30 11:38:00,女儿 人 女儿 妈妈 手机号码 男人 知情者 请告 信息 兄弟姐妹 联系人 冷漠 人 手指 孩子 好人 求转 拐走 说出 看 抱 走 急 疯 感谢 留意 看 懒得 转 请 伸出 转转 会 重谢 帮忙 转发 转发 李 今天上午 老太太 谢谢 红霞  
2016-12-29 16:28:00,股市 梦 医院 男女生 病毒 医生 电视新闻 魚 凉皮 冷面 酸菜 草魚 酸菜 魚水 魚 关心 人 群发 提醒 分 感染 死亡 参与 抢救 隔离 播 吃 煮 感染 收到 阿贵 安徽省 蚌埠市 中央台
2016-12-26 17:39:00,帝国 女儿 人 女儿 妈妈 手机号码 男人 求转 拐走 说出 看 抱 走 急 李 今天上午 老太太 红霞 陈爷  
2016-12-25 10:25:00,女儿 人 女儿 妈妈 手机号码 男人 表姐 表弟 知情者 请告 信息 兄弟姐妹 联系人 冷漠 求转 拐走 说出 看 抱 走 急 疯 感谢 留意 看 懒得 转 李 今天上午 老太太 老大爷 贾宋镇 红霞 金王庄 镇平县 
2016-12-21 22:54:00,记 原图 哼哼  青岛 
2016-12-17 20:36:00,小童 村妇 环球 杀光 环球时报 时 人 台籍 原本 人口 人 看 建新 留下 转为 加上 留在 台湾光复 陈 上海 日本 
2016-12-17 12:49:00,图片 守护 分享 乔儿  
2016-12-15 12:34:00,意拳 逸夫 外国人 人 刷屏 悼念 走 出殡 乔布斯 邵逸夫 老先生 张志刚 中国 
2016-12-10 16:32:00,儿 政府 人群 雾 删 凑 驱散 驱散 吐吐 吐吐 吐吐 吐 吐吐 琳  
2016-10-10 10:34:00,嫖客 警方 警方 男子 红灯 街 人妖 情节 少见 被捕 发言 亮 称 包下 完 得知 拒不 付款 笑笑 小姐 泰国 中国 
2016-10-09 06:43:00,嫖客 警方 警方 男子 红灯 街 人妖 情节 少见 侦探 被捕 发言 亮 称 包下 完 得知 拒不 付款 小姐 夏洛克 泰国 福尔摩斯 中国 
2016-09-28 11:01:00,三叉街 女子 电线 电 小心 盲目 鲇鱼 动态 掉下来 死 出门 出行 紫云 燕 台风 福州 
2016-09-28 07:00:00,部长 医疗 费用 中花 党政干部 群体 显示 退休 投入 邓相超  中科院 中国政府 卫生部
2016-09-22 16:12:00,高层 礼花 飞 祸 着火 结婚 放 闯 北辰 熊霸 富锦 华庭 北京 
2016-09-22 14:07:00,校车 事故 幼儿 数字 时代 客观 大众 公信力 禽兽不如 致 死伤 保守 请 诉求 践踏 麻痹 公正 幼儿园 睢县 河南 东西 
2016-09-21 16:46:00,女儿 锦绣 花园 小区 人 女儿 爸爸 手机号码 男人 知情者 请告 信息 兄弟姐妹 联系人 拐走 说出 看 抱 走 急 疯 感谢 留意 重谢 今天上午 老太太 谢谢 罗志刚  
2016-09-20 18:00:00,柿子 季节 酸奶 酒 事 小女孩 柿子 酸奶 小时 毒死 家长 常识 小女孩 人 柿子 红薯 同食 结石 吃 发生 吃 完 不到 结束 请 转告 会 赞求 转发  上市 海鲜 
2016-09-19 05:22:00,主 面奴 圈里人 萌 玩 没 控制 死亡 发生 乔任梁  
2016-09-18 09:03:00,网传 经纪人 状态 警民 直通车 博 讯息 爆料 信息 搜 导演 玩 致死 处于 没 回复 透露 死亡 吻合 乔任梁 乔某  
2016-09-17 17:46:00,视频 视频 死亡 看 拍 乔任梁  
2016-09-17 14:54:00,乔任 死 导演 玩 害死 走 乔任梁 梁 凯源玺  
2016-09-17 14:37:00,过度 新闻频道 手机 手机 确认 死亡 不知 导演 分享 乔任梁  
2016-09-17 12:54:00,天堂 男 口味 愿 导演 走 走 叶 乔任梁  
2016-09-17 12:54:00,演员 别墅 过度 演员 风险 需谨慎 蜡烛 蜡烛 蜡烛 导演 死亡 死 乔治 乔任梁 王子 上海 桃浦 
2016-09-17 11:51:00,大游 确认 玩 死亡 走 乔任梁  
2016-09-17 10:15:00,网 男星 过度 事 飞笑 突发 曝 导演 窒息 死亡 死亡 拍 录制 乔任梁 明星  
2016-09-17 10:13:00, 导演 玩 走 好笑 笑笑 乔任梁 丁丁  
2016-09-17 09:47:00,经纪人 女友 人网 传 死因 男生 玩泪 确认 死 抛下 去 乔任梁 于辰辰 赵丽颖 付辛博 王子 梁梁 徐璐 陈乔恩 井柏然  
2016-09-17 08:54:00,头像 玩性 脑 残粉 窒息 死亡 活该 瞎 喷 乔任梁  
2016-09-17 04:40:00, 玩 发誓 乔任梁  
2016-09-17 03:01:00,专干 网络 菊花 装逼 窒息 死亡 烂   
2016-09-17 01:58:00,时光 幂 幂 爆料 男 时 梦 演戏 恶心 唱歌 恶心 知名 导演 死亡 求证 看 挂掉 挖 乔任梁  
2016-09-17 01:56:00,邮件 晚点 消息 证实 过度 蜡烛 蜡烛 蜡烛 死亡 死亡 曝出 死亡 走 乔任梁 乔任  
2016-09-17 01:28:00,妹 梁 过度 身体 迷 死 说 失眠 会 透支 睡觉 乔任梁 孙方春 乔  
2016-09-17 01:07:00,桃花 春风 笑 导演 走 相爱 乔任梁 徐璐  
2016-09-17 01:02:00,现场 照据 卧室 内 民警 现场 法医 初步判断 网友 死亡 邻居 透露 死 赶到 勘察 取证 验证 透露 知名 乔任梁  
2016-09-17 00:37:00,粉红色 大 男孩 激情 头条 逝者 蜡烛 蜡烛 蜡烛 蜡烛 蜡烛 蜡烛 说 死 搜 超爱 会 导演 死 愿 安息 乔任梁 博  
2016-09-17 00:26:00,朋友圈 锅 人 玩 导演 瞎 炸 想 玩 玩死 乔任梁  
2016-09-17 00:24:00,游戏 媒体 歌手 过度 死城 贵圈 远离 死 死亡 死亡 传 死亡 称 死亡 据传 导演 会 玩 乔任梁 明星  
2016-09-17 00:21:00,过头 搜 死 说 导演 玩 说 愿 走好 加油 加油 乔任梁 博 亚军  
2016-09-17 00:05:00,爹 视频 流出 乔任梁 孙大蛋  
2016-09-17 00:05:00,橘子 网 过度 个人资料 死者 热度 粉丝 网友 理智 死亡 曝与 导演 死亡 导演 扒 属实 导演 炒作 蹭 关注 看待 乔任梁 蒙先森 王子  
2016-09-17 00:02:00,热门 叔叔 过度 脑 妈 叔 死 骂 操 骂 别以为 乔任梁 王子  
2016-09-16 23:54:00,证实 警方 通报 男性 演员 警方 通报 爆料 塑料袋 头 死因 死者 人 事 传 死亡 死亡 排除 据传 患有 称 套住 引发 窒息而死 说 导演 玩 去 愿 安息 够 乔任梁 乔 重庆 
2016-09-16 23:53:00,同性 万性 群体 网友 爆料 网友 爆料 法医鉴定 同性 万性 群体 传 玩 死亡 虐杀 导演 传 玩 死亡 乔任梁 王子 深度 
2016-09-16 23:51:00,过度 警民 直通车 经纪人 情况 信息 导演 玩 死亡 发 哀悼 就让 安息 发生 找 找 相关 发现 相关 希望 发 压 压惊 好像 乔任梁  
2016-09-16 23:47:00, 说 死 据说 死 算作 死 乔任梁 斯基 吐蕃 
2016-09-16 23:39:00,过度 过度 传 死亡 身亡 失眠 身亡 早睡 熬夜 会 导致 死亡 乔任梁  
2016-09-16 23:34:00,消息 男 名字 蜡烛 蜡烛 蜡烛 经纪人 手 知名 导演 玩致 死亡 离去 感到 走 安息 乔任梁 李  
2016-09-16 23:34:00,文藝 鴻藝 过火 导演 玩 导制 死亡 乔任梁  
2016-09-16 23:25:00,证实 表情 悼念 经纪 公司 发文 方式 死 导演 发 痛哭 离去 乔任梁 王子  
2016-09-16 23:23:00,方法 程度 瓜 群众 滴蜡 程度 性变态 吃 会 窒息 归为 乔任梁 高潮  
2016-09-16 23:07:00,消息 心情 个性 剧 吉他手 刷屏 心情 窒息而死 听到 没火 求证 熟悉 愿 平复 乔任梁  中愿
2016-09-16 22:56:00,八卦 证实 演员 别墅 过度 过度 导演 死亡 导演 死亡 乔任梁 王子 上海 桃浦 
2016-09-16 22:51:00,嘴炮 网 别墅 知名 导演 玩 身亡 坐等 乔任梁 官宣 上海 
2016-09-16 22:42:00,粉丝 爆料 警方 博 证实 死因 邮件 患上 知情人 心情 轻身 念头 知名 导演 玩致 死亡 死亡 公布 确为 公布 排除 据传 拍完 死亡 称 死 有伤 疑为 自残 乔任梁 上海籍 上海 
2016-09-16 22:42:00,男星 男 别墅 时 激情 娱乐圈 网页 链接 知名 导演 猝死 乔任梁 上海 桃浦 
2016-09-16 22:41:00,网 传艺 人 玩 窒息 死亡 乔任梁  
2016-09-16 22:37:00, 导演 乔任梁 王子  
2016-09-16 22:37:00,瓜皮 别墅 真让人 肛 爬 导演 玩 死亡 唏嘘 玩 乔任梁 上坡 
2016-09-16 22:24:00,卧槽 男 时 通报 知名 导演 死亡 乔任梁 原谅  
2016-09-16 22:23:00,儿 事件 传闻 网传 实质 证据 网传 乔任 说 导演 导致 窒息 身亡 瑾 乔任梁 梁某  
2016-09-16 22:22:00,野 八卦 消息 天堂 收割 坐实 希望 爱 乔任梁  
2016-09-16 22:18:00,论坛 消息 别墅 过度 分局 法医 现场 警民 直通车 消息 乔 信息 艺人 信息量 注定 爆出 知名 导演 死亡 到达 发布 吻合 乔任梁 上海 桃浦 
2016-09-16 22:17:00,境界 冰恋 秀色 导致 死掉 死 乔任梁 陈晨 陈  
2016-09-16 22:16:00,腐女 酱据 粉丝 爆料 男 时 知名 导演 死亡 求证 乔任梁  
2016-09-16 22:08:00,平台 过度 网站 小编 搞 搞 传 知名 导演 死亡 求证 估计 忙 乔任梁 梁大 乔任  
2016-09-16 22:03:00,鼻孔 土 过度 鬼 吃 导演 了求 乔任梁  
2016-09-16 21:50:00,人 真假 经纪 公司 爆出 导演 死亡 求 辟谣 乔任梁  
2016-09-16 21:38:00,过度 死 求 辟谣 乔任梁  
2016-09-05 12:58:00,女儿 矿 锦绣 花园 小区 人 女儿 爸爸 手机号码 男人 知情者 请告 信息 兄弟姐妹 联系人 求转 拐走 说出 看 抱 走 急 疯 感谢 留意 老太太 曹村 李志刚  
2016-08-30 22:26:00,头条 文章 铜梁 区 学生 书信 发表 跳楼 杀 写下 尧 重庆市 
2016-08-30 14:32:00,女儿 锦绣 花园 小区 人 女儿 爸爸 手机号码 男人 知情者 请告 孩子 拐走 说出 看 抱 走 急 疯 感谢 转转 会 重谢 今天上午 老太太 谢谢 李志刚  
2016-08-30 10:50:00,温度 飞机 过程 掉下来 观看  太阳 广 
2016-08-28 20:24:00,外国人 人 刷屏 悼念 地震 学校 教学楼 逸夫 教学楼 医院 逸夫 门诊 楼 老人 医疗 设施 设施 国人 出殡 捐 捐赠 计 乔布斯 邵逸夫 中国 汶川 
2016-08-17 22:07:00,女儿 锦绣 花园 小区 人 女儿 爸爸 手机号码 男人 知情者 请告 信息 兄弟姐妹 联系人 冷漠 人 求转 拐走 说出 看 抱 走 急 疯 感谢 留意 看 懒得 转 请 今天上午 老太太 李志刚  
2016-08-15 16:14:00,亲子鉴定 围观 了速 罗伟 王宝强  
2016-08-14 22:56:00,经纪人 人民 医院 证实 儿女 亲子鉴定 爆 出轨 强于 做 王宝 宋 马蓉 王宝强 北京 
2016-08-14 22:19:00,圈内 内幕 孩子 亲子鉴定 伤心 离婚 宝宝 老汉 王宝强  
2016-08-14 21:36:00,视频 内幕 孩子 亲子鉴定 哭泪 博 视频 奇闻 异事 视频 离婚 关注 宝宝 童姥 王宝强  
2016-08-14 20:46:00,同学 亲子鉴定 表哥 证明 儿子 亲生 网友 受害者 情绪 离婚 做 据说 疑似 发图 确认 说 请 放过 想要 自杀 马蓉 王宝强 蓉蓉 
2016-08-14 20:44:00,图 网友 感觉 网友 爆料 儿子 亲子鉴定 前段时间 人 妈妈 女儿 细思 毫无 感 带 做 记得 说 王宝强  
2016-08-09 12:28:00,世 市委书记 港城 人民 升官 屁股 人 发声 拍完 提鞋 拍 走 死活 杰小洁 马屁 连云港 项雪龙 欧巴杨省 江阴 
2016-08-09 10:36:00,核废料 老爸 闺女 镇府 核废料 爸爸 爸爸 建议 外地 妈 思念 爸爸 孩子 站 说 建 站 不让 回 找 去 死 死 相比 希望 连云港 老公 新疆 
2016-08-09 08:30:00,右手 政府 核废料 处理厂 人民 全体 政府 警务人员 暴力 媒体 发生爆炸 建 施压 泄露 连云港 连港 
2016-08-09 07:11:00,淡水湖 核废料 核废料 事件 警民 军民 理智 新闻媒体 客观 搅 爆发 等待 连云港 安宁 
2016-08-08 22:44:00,太小 核辐射 笑笑 没 笑 滚出 滚 连云港  
2016-08-08 15:05:00,核废料 消息 消息 媒体 泪 关注 淹没 希望 扩散 不让 报道 被删 连云港  
2016-08-08 13:20:00,朋友圈 刷屏 现场 特警 老百姓 动手 暴动 死伤 连云港  
2016-08-08 13:07:00,山鬼 核废料 法国人 核废料 技术 居民 钱 国 想 问 说 赚 发达 连云港  
2016-08-08 11:23:00,消息 记者 电视 利用 平台 人 人 老百姓 老百姓 公道 朋友圈 朋友 采访 只能靠 去 警察 欺压 转发 连云港 封锁  
2016-08-08 09:41:00,外地 朋友 情况 事情 核废料 全球 人民 国家 事 政府 暴力 外地 朋友 媒体 诋毁 发生 建 站 游行 镇压 希望 转发 扩散 不了 转发 霍顿 子孙后代 连云港 孙杨 东西 
2016-08-08 09:13:00,事 群众 谣言 图片 朋友圈 网络 群众 群众 消息 图片 互联网 消息 谣言 市民 传谣 照片 网页 警察 拖行 殴打 致死 实为 警察 拖行 殴打 死亡 确认 希望 附该 原始 截图 连云港  
2016-08-08 08:20:00,娘亲 事 枪口 老百姓 事件 媒体报道 芝麻 事 头条 气 新闻 前瞻 头条 头条 用来 可笑 张江 连云港 明星 轩轩  
2016-08-08 05:31:00,外地 朋友 情况 事情 核废料 人民 国家 事 政府 暴力 外地 朋友 媒体 发生 建 站 游行 镇压 希望 帮忙 转发 封杀 扩散 不了 连云港 子孙后代 东西 
2016-08-08 05:29:00,全国 朋友 家人 朋友 老乡 现场 时间 人 特警 孩子 头发 老人 全身 全身 血 朋友圈 所有人 求求 转发 救救 转发 活到 游行 散 去 出动 打死 发白 求求 转发 太久  
2016-08-08 03:06:00,事 人民 等到 飞上去 发生 没报 求 扩散 帮帮 只求 无核 连云港  
2016-08-08 01:19:00,核废料 处理事件 人 人 核废料 家乡 土壤 领导 利益 老百姓 气愤 看 入睡 死 平复 做 拒绝 建立 生 养 做 会 愤怒 连云港 安危  
2016-08-08 00:02:00,壩 散步 核废料 注定 暴乱 镇压 落 连云港  
2016-08-07 23:56:00,文静 核废料 药厂 老百姓 买药 一分钱 核电站 用电 一分钱 老百姓 港口 倒数 市 了有 了关 开放 连云港 中国 
2016-08-07 20:26:00,委員 外國 核廢料 大地 禍害 同胞 漢奸 國賊 勢力 升官 移民 同胞 故土 遺禍 鞭長 會 引入 發財 受害 恨 後 蔣萬安 莫及 中華 
2016-08-06 20:26:00,外国人 人 刷屏 悼念 地震 出殡 捐 泽 邵逸夫 小宝 乔布斯 中国 汶川 
2016-07-30 10:55:00,粉粉 小学 小女孩 小区 人 小女孩 爸爸 手机号码 心跳 帮忙 扩散 拐走 说出 显示 江 碧桂园 今天上午 凤阳 金城 
2016-07-26 14:09:00,爸爸 酒吧 事件 道理 人 头破血流 车位 解放 不肯 让出 让出 明白 任婧茹 杨 长沙 西路 南海 美国 钓鱼岛 中国 日本 
2016-07-25 00:21:00,场面 解放 打架 去 见到 吓死 陶傲娇 宝宝 长沙 
2016-07-22 15:25:00,图片 嘴 作者 民族主义 情绪 钱 办理 绿卡 分享 掀起 赚 宋晓军 中国 美国 
2016-07-20 17:19:00,大鸭梨 步行者 雨水 漩涡 地方 顾 宿 出门 出门 下雨 排水 打开 井盖 北京城 
2016-07-20 14:47:00,雨 地铁 淹 停  大都 北京 
2016-07-20 13:19:00,地铁站 淹 贴纸 打卡 慧慧吖 北京 
2016-07-19 10:11:00,小女孩 小区 人 小女孩 爸爸 手机号码 男人 知情者 请告 拐走 说出 显示 抱走 感 生菊 碧桂园 今天上午 江 淮南 金城 
2016-07-17 20:58:00,太帅 苹果 手机 大陆 苹果 手机 电信 苹果 手机 苹果 手机 电视 赞赞 禁售 禁售 停网 只能  北京 
2016-07-17 08:15:00,人民 医院 男女生 病毒 医生 电视新闻 鱼肉 酸菜 草鱼 酸菜鱼 鱼塘 关心 人 感染 死亡 参加 抢救 隔离 播出 吃 感染 收到 水煮鱼 上海市 湖南 中央台
2016-07-16 15:59:00,大白兔 人民 医院 男女生 病毒 医生 电视新闻 魚类 酸菜 感染 死亡 参与 抢 隔离 播 吃  上海市 中央台
2016-07-14 13:58:00,人民 医院 男女生 病毒 医生 电视新闻 魚类 酸菜 草魚 酸菜 魚水 魚 魚塘 关心 人 感染 死亡 参与 抢 隔离 播 吃 煮 感染 收到  上海市 湖南 中央台
2016-06-25 20:39:00,私房话 外地 哥们儿 人 状元 哥们 问 状元 考分 炫耀 考生 分 考 录取 说 何贵民 河北 
2016-06-14 18:25:00,女性 病毒 年龄 县 医院 医生 菜市场 猪肉 回家 头晕 院务 电视新闻 猪肉 养猪场 关心 人 群发 感染 死亡 参与 抢救 隔离 据悉 买 吃 发觉 呕吐 送 播出 吃 感染 收到  务川 贵州省 
