,num
人,783
视频,703
孩子,334
吃,295
请,230
拍,212
转发,208
看,207
死亡,200
说,184
发生,178
会,158
中国,150
做,149
去,145
链接,137
学生,137
死,135
网页,135
秒,112
感染,107
医院,106
希望,104
朋友,95
事,94
女子,94
肉松,93
新闻,92
男子,91
现场,89
警察,88
小孩,86
买,85
事件,83
想,82
学校,82
走,81
转,80
病毒,78
儿童,76
分,74
紫菜,74
乔任梁,74
网友,74
没,73
家长,71
隔离,70
医生,68
抢救,63
参与,63
出,62
钱,62
结束,61
可怜,61
打死,61
偷,60
小区,60
爆炸,60
发现,59
爱,58
死伤,57
号院,56
狗,56
美国,56
棉花,55
家人,55
塑料,55
儿子,55
地震,54
疫情,54
手机,53
世界,52
致,52
政府,52
爆料,51
找,51
鸡蛋,50
消息,50
帮忙,50
连云港,50
广西,50
博,49
高考,48
居民,48
玩,48
女儿,46
告诉,46
上海,45
北京,45
导演,45
时,45
老师,44
情况,44
据说,43
电视新闻,43
搞笑,43
事故,43
国家,42
播,42
导致,42
状元,41
警方,41
信息,41
闯入,40
四川,40
无,40
抓,40
发,40
部门,40
原因,39
扩散,39
带,39
商家,39
电话,39
发怒,38
抱,38
妈妈,38
感谢,38
屋刀,38
砍名,38
午托,38
丢,38
称,38
关心,37
老百姓,37
愿,37
水,37
男女生,37
流泪,37
朋友圈,36
人民,36
开,36
大人,36
全国,36
收到,36
飞机,36
今天上午,35
热门,35
受伤,35
事情,35
核废料,35
平南,35
东西,34
老人,34
时间,34
头条,34
不到,33
说出,33
放,32
通知,32
手机号码,32
急,32
男人,32
拐走,32
结婚,32
展开,31
治疗,31
工作人员,31
暴雨,31
录制,31
楼,31
抢,31
山西,31
疯,31
谢谢,31
关注,31
银行,30
车,30
殴打,30
冷漠,30
人员,30
帮,30
死者,30
用户,30
假,30
社会,30
爸爸,29
不了,29
成,29
回家,29
魚,29
蜡烛,29
送,29
区,29
提醒,29
酸菜,29
分享,28
家属,28
突发,28
安息,28
拒绝,28
河南,28
塑料袋,28
客机,28
民众,27
日本,27
留意,27
女人,27
记者,27
敢,27
事发,27
听,27
深圳,26
黑心,26
干,26
知情者,26
请告,26
兄弟姐妹,26
挖,26
加油,26
菜刀,26
网,26
和尚,26
站,26
地方,25
发表,25
乘客,25
确诊,25
广东,25
武汉,25
公布,25
公司,25
狂犬病,25
广州,25
凶手,25
找到,25
击毙,25
闯红灯,24
联系人,24
过程,24
派出所,24
跳楼,24
拉,24
面包,24
感觉,24
妻子,24
过度,24
埃航,24
媒体,24
逝者,24
网传,24
求,24
父母,24
司机,24
校霸,23
院,23
女孩,23
澳洲,23
伸出,23
场面,23
遇难,23
传,23
透露,23
煮,23
水鬼,23
公交车,23
泸州,23
小心,23
超话,23
工厂,23
浙江,23
电表,23
中学,23
同学,23
救救,22
企业,22
国际,22
湖北,22
韩国,22
肾,22
看好,22
全球,22
文章,22
见,22
医疗,22
群发,22
食品,22
来自,22
幼儿园,21
杭州,21
打开,21
笑,21
口罩,21
艾滋病,21
住,21
动手,21
流量,21
专家,21
公安,21
西安,21
离开,21
强奸,21
作揖,20
收,20
免,20
卖,20
镇,20
身亡,20
问,20
陌生人,20
转转,20
懒得,20
重庆,20
公交,20
打人,20
赶到,20
相关,20
图,20
老板,20
完,20
跑,20
伤痕,20
女,19
能量,19
不让,19
患者,19
水库,19
疑似,19
捡,19
保护,19
起火,19
听说,19
接力,19
尼姑,19
咬,19
弟弟,19
官方,19
报道,19
游客,18
话,18
只能,18
不想,18
集团,18
出门,18
手指,18
力,18
山东,18
粉丝,18
确认,18
接受,18
中心,18
狗狗,18
救,18
外卖,18
震惊,18
员工,17
配合,17
失事,17
警告,17
发布,17
进,17
报警,17
河北,17
市场,17
方法,17
路,17
地铁,17
猪肉,17
人数,17
致死,17
外地人,17
群众,17
例,17
倒,17
福建,17
军人,17
手,17
干部,17
车票,16
排名,16
相撞,16
煤矿,16
湖南,16
城市,16
村民,16
年龄,16
造假,16
抓狂,16
领养,16
马路,16
汽车,16
领导,16
不知,16
挂面,16
爸妈,16
小女孩,16
大学,16
事儿,16
包括,16
贵州,16
产品,16
微,16
喜欢,16
江苏,16
大火,16
证实,16
衣服,16
蛋糕,15
飞行员,15
一带,15
祖国,15
手脚,15
传说,15
电费,15
遭,15
无人,15
断裂,15
新增,15
宝宝,15
想要,15
安徽,15
肯定,15
凉皮,15
发生爆炸,15
图片,15
着火,15
母亲,15
警惕,15
砍,15
看着,15
记得,15
露天,15
病,15
有没有,15
撞,15
超市,15
人贩子,15
吓人,15
心情,15
中央,15
活,15
三亚,15
小时,15
男,15
鄙视,15
狗肉,15
驾驶员,14
欺负,14
肺炎,14
力量,14
陆地,14
回,14
活着,14
杀人,14
人士,14
冷面,14
消防,14
动物,14
掉,14
脸,14
学,14
持刀,14
围观,14
会议,14
特朗普,14
炸,14
系统,14
交,14
老太太,14
解放,14
震撼,14
儿,14
特警,14
张家界,14
校园,14
人造,14
报,14
求转,14
知名,14
上车,14
小学,14
达,14
群,14
病例,14
黄金,14
创始人,14
安利,14
群里,14
成都,14
长沙,14
上,14
不详,13
泡,13
切记,13
太伏镇,13
处罚,13
骂,13
删除,13
爱心,13
挖出,13
砸,13
抵制,13
四川省,13
计划,13
猴子,13
机场,13
已有,13
草魚,13
满身,13
暴力,13
国籍,13
香港,13
甘肃省,13
神,13
哭,13
教师,13
尸体,13
人类,13
妈,13
电视台,13
车祸,13
开学,13
谣言,13
传递,13
邯郸,13
团伙,13
全世界,13
外出,13
山体,12
器官,12
观察,12
讽刺,12
亲人,12
家庭,12
别墅,12
作品,12
江西,12
恶心,12
网络,12
钱财,12
花,12
戴,12
严肃处理,12
辟谣,12
照顾,12
夫人,12
泸县,12
值得,12
镇长,12
现金,12
甲号,12
记录,12
小哥,12
投诉,12
开车,12
郑州,12
位于,12
保护费,12
内,12
舟,12
任意,12
老公,12
照片,12
南京,12
校方,12
守护,12
精神,12
地区,12
米饭,12
酒吧,12
截至,12
殡仪馆,12
头,12
社区,12
懂,12
停,12
伤亡,12
风险,12
玩死,12
杀,12
超,12
王子,11
抱住,11
山塘,11
烧,11
地面,11
全家,11
估计,11
杆菌,11
自杀,11
辐射,11
饼,11
取消,11
面条,11
禁止,11
记录仪,11
个分,11
携,11
耳机,11
成冠,11
重点,11
外国人,11
同事,11
开心,11
骗,11
倒计时,11
病人,11
老婆,11
姑娘,11
答应,11
酒精,11
担心,11
等于,11
远离,11
花园,11
撒泼,11
事实,11
肉,11
害人,11
百姓,11
英国,11
萨德,11
塌,11
赞,11
出事,11
执法,11
错,11
判刑,11
变,11
坠毁,11
打架,11
关系,11
乜,11
通报,11
告知,11
广场,11
控制,11
拦下,11
知情,11
市民,11
大,11
人生,11
酒店,11
埃塞俄比亚,11
没事,11
火,11
开枪,11
女司机,11
喷,11
力气,11
女性,11
水性,11
心梗,11
拐卖,11
疫苗,11
泄漏,11
货车,11
水平,11
核酸,11
性,11
家禽,10
汗,10
砷,10
小,10
时代,10
丈夫,10
房子,10
妇女,10
俄罗斯,10
放心,10
采访,10
张,10
邢台,10
黑人,10
家乡,10
鱼,10
代表,10
河南省,10
蹦极,10
懂事,10
身体,10
提供,10
准考证,10
坐下,10
猪,10
济南,10
国人,10
评论,10
环球,10
操作,10
播出,10
购物,10
爆发,10
好像,10
蛋,10
掏出,10
参加,10
身份证,10
吐,10
历史,10
吸毒,10
回应,10
老实,10
放在,10
眼,10
肝癌,10
好人,10
李,10
秒钟,10
人民币,10
黑匣子,10
陈观田,10
讲,10
嫌疑人,10
不用,10
厦门,10
致敬,10
西峰,10
解剖,10
补课,10
逼,10
爆,10
街坊,10
建立,10
车辆,10
航班,10
连加,10
火灾,10
换,10
乔任,10
面包车,10
肉毒,10
国道,10
经济,10
梁,10
农村,10
收入,10
信,10
新冠,10
姓名,10
法院,10
迷晕,10
等待,10
姐妹,10
魚水,10
高铁,10
惨叫声,9
超过,9
枪,9
只求,9
派,9
消费者,9
拐,9
播报,9
甘肃,9
交通事故,9
录取,9
回来,9
电视,9
动车,9
被捕,9
赚,9
有钱,9
赚钱,9
帮别人,9
钱包,9
守护人,9
狮子,9
洛阳市,9
离婚,9
嘴,9
福州,9
垃圾,9
选择,9
店,9
老虎,9
经历,9
求证,9
防范,9
婚礼,9
小伙伴,9
包里,9
老鼠药,9
风,9
封闭,9
做好,9
垮塌,9
合肥,9
贵州省,9
质量,9
云南,9
酒,9
开门,9
爹,9
爷爷奶奶,9
马,9
心痛,9
施暴者,9
老奶奶,9
大盘鸡,9
爸爸妈妈,9
滴,9
桥,9
提示,9
太原,9
印,9
药,9
愤怒,9
乐天,9
小时候,9
官员,9
技术,9
人员伤亡,9
机会,9
外地,9
大神,9
校长,9
能力,9
地点,9
吐吐,9
比成,9
公路,9
青岛,9
删,9
在校学生,9
出动,9
征兆,9
继父,9
交代,9
猫,9
小孩子,9
外教,9
罚款,9
澳大利亚,9
村,9
顶,9
刷屏,9
泸州市,9
案件,9
会长,9
提前,9
打断,9
核电站,9
宝,9
建,9
庆祝,9
建议,9
绝望,9
雪,9
城管,9
刀,9
美女,9
留,8
乡,8
关,8
辽宁省,8
捂,8
动,8
街,8
陕西省,8
隐瞒,8
人分,8
想象,8
玫瑰,8
张文宏,8
公寓,8
王宝强,8
卢森堡,8
烟,8
使,8
玉林,8
耳机线,8
石家庄,8
牛奶,8
故事,8
滚,8
跟着,8
电动车,8
进屋,8
院士,8
宁波,8
新疆,8
解释,8
费用,8
波音,8
感到,8
降落,8
绳子,8
官,8
条,8
河,8
到达,8
下架,8
轿车,8
多菌灵,8
山竹,8
搜,8
定,8
养,8
绳索,8
杨,8
应对,8
美食,8
致使,8
时分,8
抓获,8
封杀,8
跳,8
鸡肉,8
见到,8
大师,8
没人,8
骨折,8
低调,8
道歉,8
加,8
真假,8
上班,8
拿走,8
失主,8
包,8
抹,8
政策,8
洪水,8
王,8
天堂,8
失散,8
幼儿,8
部署,8
地球,8
葡萄,8
女士,8
咬伤,8
立马,8
濒死,8
婴儿,8
男孩,8
带来,8
定西,8
电影,8
台风,8
树,8
厂家,8
笑笑,8
可惜,8
陕西,8
教授,8
悲剧,8
树懒,8
掉下来,8
不明,8
状态,8
煤气,8
香蕉,8
飞,8
女生,8
录下,8
陈,8
样子,8
情感,8
出行,8
还好,8
收费站,8
导游,8
拿出,8
驾,7
泰尔,7
航空,7
受,7
忙,7
弄,7
深思,7
含有,7
体检,7
空难,7
成绩,7
查看,7
穿,7
入室,7
同胞,7
苏州,7
伊朗,7
资源,7
西瓜,7
看客,7
满载,7
文明,7
相见,7
设施,7
恶性,7
粉碎性,7
咸阳市,7
重谢,7
内容,7
程度,7
耳光,7
留给,7
冠,7
关闭,7
支付宝,7
生,7
食物,7
发出,7
市委书记,7
移民,7
空调,7
醉,7
河北省,7
路号,7
梁永涛,7
推,7
校车,7
痛心,7
居住,7
恐怖分子,7
发动机,7
交给,7
割,7
机构,7
西安市,7
不求,7
举报,7
鸭肉,7
加上,7
昆明,7
脑,7
心,7
揀拾,7
重视,7
印度,7
泄露,7
救治,7
茂县,7
抢劫,7
发病,7
部队,7
桃浦,7
屠,7
森林,7
交通,7
牌子,7
天津,7
南宁,7
钢筋,7
统计,7
镇压,7
五台山,7
父亲,7
拯救,7
大连市,7
小朋友,7
景区,7
理解,7
太,7
刘波,7
亲们,7
上当,7
办,7
演员,7
宠物狗,7
扔下,7
犯,7
断,7
畜生,7
得知,7
考,7
靠近,7
骨气,7
扣押,7
援手,7
难过,7
拆,7
食用,7
边境,7
踩,7
废料,7
动员,7
化工厂,7
显示,7
实力,7
停课,7
总统,7
坍塌,7
江,7
明星,7
失火,7
聚集,7
搞,7
人工,7
阳性,7
翻船,7
水果刀,7
申请,7
年轻人,7
电,7
大道,7
汕头,7
大省,7
博士,7
胶,7
意大利,7
长春,7
平房,7
利用,7
山,7
肾脏,7
原,7
太牛,7
有限公司,7
封锁,7
面包店,7
不信,7
精神病,7
制服,7
商场,7
民族,7
主播台,7
牛,7
全市,7
步行,7
悼念,6
睡,6
返回,6
硬物,6
安抚,6
摊,6
梁乔任,6
闹事,6
面对,6
画面,6
报告,6
进去,6
感染者,6
追尾,6
粮食,6
所有人,6
窒息,6
气,6
作案,6
考生,6
家园,6
血迹,6
公园,6
经纪人,6
组织,6
胸部,6
县委,6
来到,6
恢复,6
认罚,6
代管,6
管理工作,6
后果,6
阳光,6
注胶,6
材料,6
锦绣,6
热线,6
肋骨,6
划归,6
造,6
新,6
乳粉,6
强强,6
人性,6
沃尔玛,6
条状,6
失误,6
不吃,6
号码,6
灾难,6
科技,6
打算,6
癌症,6
传闻,6
省,6
专业,6
农药,6
拆迁,6
跪谢,6
伴娘,6
停止,6
拎,6
啤酒,6
血,6
全身,6
转移,6
全城,6
饮料,6
哥,6
狼,6
生病,6
假烟,6
单身,6
伤,6
瓜,6
放学,6
话题,6
消防员,6
时刻,6
回到,6
利益,6
客车,6
接到,6
暴打,6
充电,6
玻璃,6
苹果,6
据悉,6
引来,6
奶奶,6
男女,6
预防,6
广东省,6
宠物,6
纸,6
高三,6
战士,6
考点,6
雪碧,6
绿卡,6
军事,6
来源,6
疑问,6
毒妇,6
度过,6
鼓掌,6
君,6
兵哥哥,6
坠落,6
行驶,6
害,6
副县长,6
中央台,6
点赞,6
对方,6
海南,6
局长,6
礼物,6
楼市,6
伤心,6
挤眼,6
龙口,6
水马,6
直升机,6
曝,6
患有,6
引擎,6
场所,6
接触,6
山东省,6
行,6
安徽省,6
沉着,6
大桥,6
不止,6
推倒,6
精彩,6
还原,6
喊,6
国歌,6
八里桥,6
泰国,6
疾控中心,6
红灯,6
世,6
单位,6
天然气,6
温馨,6
缓刑,6
审结,6
考入,6
游泳池,6
全体,6
感受,6
男生,6
扒,6
美,6
上街,6
平平安安,6
祈祷,6
听到,6
宋丽,6
引发,6
线,6
闯,6
入,6
作用,6
洛龙区,6
趴在,6
属实,6
享受,6
实施,6
升格,6
养狗,6
暴力事件,6
坐,6
街道,6
说法,6
提出,6
据传,6
落入,6
海盗,6
汶川,6
才能,6
药物,6
写,6
强行,6
国,6
放弃,6
转载,6
制造,6
岗,6
搶,6
陌生,6
六中,6
地图,6
撤出,6
拥有,6
亲子鉴定,6
通知书,6
无限期,6
糊,6
复工,6
生存,6
救性,6
张慧,6
纠缠,6
执行,6
检出,6
贴,6
地步,6
死刑,6
赠人,6
任性,6
方,6
内蒙古,6
沈阳,6
高超,5
牙,5
抖动,5
试剂盒,5
转身,5
老兵,5
风力,5
普通话,5
呲,5
英雄,5
黑线,5
后悔,5
够,5
安检,5
焰火,5
就算,5
开除,5
雁栖湖,5
锅,5
难民,5
华人,5
工程,5
萌,5
挂,5
粗盐,5
奇葩,5
落选,5
骑车,5
团,5
乔,5
请求,5
蘑菇,5
高峰论坛,5
开封,5
命,5
凉,5
煮熟,5
记住,5
取,5
想起,5
保,5
外国,5
桃子,5
到位,5
情景,5
建成,5
杀害,5
带有,5
机智,5
拦截,5
撞击,5
回国,5
排行榜,5
吊索,5
来源于,5
养生,5
学习,5
财产,5
亲戚,5
超标,5
胜过,5
杀死,5
躺,5
关机,5
卡,5
行车,5
年青,5
大会,5
乳业,5
光明,5
口音,5
呵呵,5
莆田,5
骑手,5
电流,5
台湾,5
菜,5
拍摄,5
娘,5
网易,5
睡觉,5
惊现,5
打击,5
建造,5
骑,5
小姐,5
家住,5
麻醉,5
歹徒,5
临海,5
复课,5
惨剧,5
实在,5
金毛,5
修,5
手段,5
成都市,5
烟花,5
抓捕,5
催熟,5
蓝色,5
互联网,5
张梁永涛,5
余香,5
商丘,5
可恶,5
疾病,5
智障,5
功能,5
饭,5
抵京,5
崩溃,5
合并,5
土豪,5
做法,5
娃娃,5
减少,5
名义,5
棺材,5
眼睛,5
裤子,5
待遇,5
金,5
头部,5
大妈,5
门,5
耽误,5
食品药品,5
市侩,5
面试官,5
降价,5
读书,5
面试,5
解决,5
毁,5
赵鑫,5
刘明炜,5
人因,5
期待,5
证明,5
院区,5
停火,5
雾,5
下跪,5
全县,5
温州,5
山西省,5
情绪,5
劝阻,5
黑色,5
绍兴,5
鸡鸭,5
猥亵,5
压力,5
床,5
住户,5
老,5
截图,5
索道,5
白血病,5
袭击,5
技巧,5
闻,5
孙子,5
情妇,5
红塔山,5
惨死,5
城,5
处于,5
现实,5
心理,5
导弹,5
无视,5
击中,5
常州,5
抓到,5
坠楼,5
烫,5
船,5
总理,5
闹,5
砍价,5
充气,5
同志,5
致死案,5
不服,5
蛋糕店,5
为止,5
送往,5
女方,5
空间,5
洛阳,5
湖南省,5
学科,5
吉林,5
留下,5
物资,5
金牌,5
饿,5
怒骂,5
黑龙江,5
赔偿,5
晚报,5
加大,5
有权,5
电脑,5
雷电,5
泄洪,5
社,5
脚,5
太平镇,5
人才,5
软件,5
爱国,5
核,5
鬼,5
接,5
需,5
转告,5
上门,5
怕,5
太阳,5
热点,5
吵架,5
点击,5
娶,5
後,5
人群,5
扣分,5
西藏,5
爸,5
董事长,5
哈尔滨,5
年收入,5
差点,5
封城,5
处置,5
算,5
民警,5
感动,5
终生,5
真是太,5
车主,5
安排,5
教育局,5
掉入,5
骗子,5
彩礼,5
判处,5
救出,5
炸断,5
吊缆,5
临沂,5
蹦,5
座位,5
关林镇,5
提,5
就让,5
发声,5
天水,5
榜,5
婆婆,5
沙河,5
想想,5
抓住,5
逃,5
示范,5
行凶,5
逸夫,5
症状,5
追踪,5
研究生,5
食,5
小炒,5
查,5
熟悉,5
原本,5
明白,5
正义,5
吃饭,5
道路,5
蹭,5
奇闻,5
瘫痪,5
影视,5
博文,5
空,5
人心,5
肝脏,5
加速,5
警示,5
高新区,5
严惩,5
裁员,5
团聚,5
问路,5
焦点访谈,5
梦,4
假装,4
扬州,4
群体,4
电信,4
流浪狗,4
光,4
客户端,4
认定,4
丢失,4
军,4
伤者,4
鸡,4
海鲜,4
请问,4
节目,4
物质,4
菌,4
权利,4
虎门,4
掌,4
仔细阅读,4
害怕,4
护士,4
问及,4
女孩子,4
环,4
股市,4
脚步,4
提高,4
张艳,4
保税区,4
留学生,4
襄阳,4
东莞,4
区域,4
奔,4
传谣,4
开放,4
惹,4
管理局,4
泪,4
滑坡,4
搭理,4
赵,4
收拾,4
男方,4
贵阳,4
文山,4
微波炉,4
村子,4
访问,4
看官,4
算是,4
发达,4
馋嘴,4
性命,4
爆出,4
位置,4
火烧,4
话筒,4
大學生,4
背,4
挨,4
广泛传播,4
儿媳,4
手势,4
掴,4
搬,4
杨省,4
可爱,4
负责,4
资讯,4
走失,4
走路,4
评,4
帮转,4
出生,4
实拍,4
海绵,4
亮,4
小保姆,4
萧山,4
寒心,4
东,4
做饭,4
云,4
防护,4
吉林市,4
大哭,4
南站,4
绑架,4
奥巴马,4
作者,4
陵墓,4
玩具,4
我军,4
没法,4
水灾,4
直击,4
围殴,4
受害者,4
男朋友,4
做成,4
吉县,4
味道,4
壶口瀑布,4
学历,4
辫子,4
读,4
领导集体,4
红霞,4
染上,4
论坛,4
包庇,4
东路,4
沙子,4
主人,4
意义,4
医学院,4
撒,4
冲毁,4
南海,4
晴隆县,4
搜救,4
相当于,4
市长,4
理工,4
量,4
高层,4
停电,4
粉碎,4
泥石流,4
大学生,4
救人,4
医护人员,4
推销,4
人命,4
轨迹,4
松,4
值钱,4
陪,4
写给,4
香皂,4
买到,4
扯,4
兰州,4
晕,4
姐,4
下令,4
骷髅,4
规则,4
施暴,4
留在,4
抛弃,4
伤人,4
白色,4
世纪,4
展现,4
价值,4
狐狸,4
麦积,4
考上,4
市区,4
皇帝,4
貌似,4
前,4
台州,4
倒数,4
声音,4
承认,4
无锡,4
干嘛,4
行政,4
压,4
佛山,4
少女,4
乡亲,4
传奇,4
加完,4
持,4
主,4
四中,4
骑行,4
投稿,4
拼,4
王者,4
安,4
平息,4
但愿,4
白眼,4
物理,4
大片,4
名字,4
断送,4
假货,4
流,4
回复,4
没系,4
新西兰,4
忘系,4
小学生,4
抢走,4
患上,4
呼吁,4
北路,4
流出,4
好玩,4
彩票,4
涉嫌,4
交易,4
西路,4
归来,4
办公室,4
襄汾县,4
新区,4
触电,4
攻击,4
蹦蹦,4
出警,4
公安机关,4
作家,4
逮捕,4
常德,4
路段,4
流汗,4
出轨,4
公平,4
信用,4
江西省,4
姚明,4
做出,4
作出,4
书记,4
回答,4
付出,4
文化,4
碰到,4
血性,4
资料,4
桃花节,4
坠机,4
湖北省,4
分数线,4
小狗,4
方向,4
阜新市,4
香烟,4
事故现场,4
警民,4
工作室,4
虎口,4
获,4
动态,4
纠纷,4
摘,4
知情人,4
工人,4
饭店,4
教,4
媒体报道,4
好吃,4
受害人,4
挽救,4
阿一波,4
承诺,4
捐,4
哄抢,4
理由,4
穿着,4
哼哼,4
拍照,4
处理厂,4
吉林省,4
吴京,4
黑,4
理论,4
抬,4
玩笑,4
出租车,4
捉,4
伤口,4
打麻将,4
发热,4
人体,4
卧槽,4
没了,4
大客车,4
镉,4
搜索,4
发电厂,4
激素,4
特权,4
撞死,4
全,4
效果,4
支持,4
結果,4
没见,4
给出,4
摄影师,4
想见,4
下车,4
转评,4
送到,4
上传,4
纠正,4
大胆,4
辽宁,4
看管,4
运到,4
知识,4
敦促,4
应,4
捐赠,4
承重墙,4
二维码,4
房,4
内幕,4
面,4
开进,4
作假,4
农民,4
抽检,4
倒塌,4
经验,4
缺,4
芒果,4
乐山,4
晕倒,4
雷,4
茶,4
军舰,4
烟台,4
漏水,4
战争,4
草莓,4
祝贺,4
团队,4
榜哥,4
名单,4
记,4
楼房,4
本土,4
直辖市,4
项目,4
负责人,4
肚子,4
没救,4
面临,4
豆,4
奖金,4
开眼,4
比例,4
大面积,4
百度,4
毒死,4
办法,4
需谨慎,4
阿富汗,4
缅甸,4
塔利班,4
看点,4
非洲,4
控,4
学子,4
忘记,4
跑道,4
雨,4
看完,4
迎来,4
上学,4
愁,4
方式,4
姓,4
挟持,4
品牌,4
说话,4
大雨,4
否认,4
号线,4
掌声,4
老家,4
衡阳县,4
购买,4
停留,4
大巴,4
窗玻璃,4
笑容,4
限量,4
禁用,4
师傅,4
介绍,4
自行车,4
纽约,4
石油,4
锈蚀,4
下雨,4
口水,4
大楼,4
携带,4
摊手,4
海,4
不行,4
破车,4
核实,4
玩水,4
快递,4
大众,4
报复,4
离世,4
路过,4
轮流,4
头条新闻,4
急诊,4
激情,4
速度,4
奶粉,4
沈阳市,4
空气,4
实锤,4
钢丝绳,4
增加,4
邵逸夫,4
发来,4
本地人,4
速转,4
不准,4
中学生,4
赏,4
恳请,4
戳,4
命令,4
逃生,4
成立,4
涨,4
绵阳市,4
赞赞,4
值,4
乔布斯,4
出殡,4
醉酒,4
来得及,4
村口,4
智能,4
系,4
烂,4
市,4
支队,4
玩耍,4
公道,4
特,4
人间,4
落马,3
互粉,3
刹车,3
查出,3
网名,3
了要,3
驶进,3
日记,3
坏人,3
学信,3
民国,3
声明,3
宜昌,3
性关系,3
狂犬,3
风筝,3
峨眉山,3
大事,3
关键,3
周,3
雨水,3
庆阳,3
车窗,3
大爷,3
散文,3
维稳,3
沉船,3
真实性,3
游船,3
关在笼,3
朔料,3
失踪,3
批发,3
查询,3
书房,3
群友,3
亮点,3
攻陷,3
城区,3
联合,3
持枪,3
移,3
良知,3
大河,3
大叔,3
堵死,3
通道,3
东北,3
藏羚羊,3
驾驶,3
复习,3
志愿者,3
维护,3
难题,3
一族,3
普吉岛,3
车子,3
缩短,3
早操,3
偷情,3
哀悼,3
胶带,3
风波,3
无限,3
牺牲,3
教堂,3
鲨鱼,3
航空公司,3
跳下去,3
小事,3
县城,3
辜负,3
阵风,3
义务,3
面露,3
丰县,3
刮,3
措施,3
吃货,3
情,3
破,3
承担,3
揭秘,3
学生家长,3
学制,3
猎奇,3
代码,3
消防队员,3
早餐,3
飞雪,3
获悉,3
书,3
天水市,3
插队,3
观音桥,3
不料,3
试卷,3
场景,3
恶意,3
修建,3
户县,3
军营,3
浪费,3
工业,3
开水,3
行人,3
协调,3
周边城市,3
杀猪,3
拜拜,3
试,3
代购,3
折腾,3
毛,3
荣耀,3
碧桂园,3
醒来,3
盆友,3
殉情,3
叹息,3
虫子,3
求求,3
游行,3
邂逅,3
人民网,3
特色,3
撤销,3
龙卷风,3
女主,3
李鸿章,3
后续,3
工具,3
手术,3
孕妇,3
再见,3
发到,3
拦住,3
厨房,3
喷洒,3
体制,3
雨棚,3
挡,3
补助,3
扣,3
了请,3
离职,3
造蛋,3
损坏,3
改,3
天理,3
拘留,3
初中生,3
包含,3
残留物,3
密码,3
楼顶,3
重度,3
爬,3
大坝,3
没钱,3
刘明婷,3
残留,3
提议,3
法国,3
犯罪团伙,3
果粒,3
乾县,3
永寿县,3
一家人,3
方便面,3
脑麻,3
腫瘤,3
打工,3
理智,3
教学楼,3
车载,3
火速,3
欺骗,3
可致,3
处,3
忘,3
扔,3
众师,3
意识,3
高风险,3
抽烟,3
化学,3
哥们,3
法医,3
湖,3
桥墩,3
长三角,3
劲,3
火山,3
小车,3
亲友,3
大陆,3
煮饭,3
创作力,3
指出,3
看不起,3
骚动,3
驻,3
战地,3
揉,3
精选,3
油罐,3
飛機,3
哥哥,3
呆,3
报案,3
飛,3
起到,3
咸阳,3
操,3
黑人区,3
大厦,3
死去,3
政府部门,3
情侣,3
信圈,3
错误,3
纳税人,3
带上,3
国防,3
演讲,3
病床,3
华春莹,3
纽约港,3
幂,3
腿,3
众尼师,3
过于,3
年终奖,3
天地,3
美团,3
留学,3
差距,3
惯,3
南,3
周知,3
有例,3
西南,3
合格,3
江津,3
遍布,3
科学家,3
评选,3
了怒,3
甜瓜,3
上海市,3
后背,3
柳州,3
公益,3
传染病,3
安宁,3
叙利亚,3
冻结,3
华山医院,3
淘汰,3
不亚于,3
捡拾,3
华北,3
吴,3
催,3
破裂,3
放过,3
信阳,3
名为,3
牵,3
中路,3
空姐,3
公关,3
年薪,3
鲁迅,3
水怪,3
南路,3
拉完,3
推出,3
高架,3
路人,3
降,3
潜艇,3
河村,3
买家,3
抽,3
平台,3
摔倒,3
关爱,3
身穿,3
秘密,3
男神,3
绕行,3
今天下午,3
入境,3
签证,3
自燃,3
玩意,3
捏,3
管辖,3
长江,3
贵港,3
楼盘,3
包装,3
冒险,3
运动会,3
泪泪,3
乙号,3
甲号院,3
干休所,3
寄生虫,3
段子,3
骚子,3
上看,3
国旗,3
源头,3
病源,3
全场,3
升起,3
淹没,3
联合国,3
花园路,3
森,3
心思,3
糖果,3
促销,3
举起,3
小营,3
清路,3
南昌,3
闺女,3
感,3
坑,3
猜,3
浏览器,3
朱,3
花生,3
利率,3
大湾,3
商,3
地才,3
攻略,3
喂饭,3
打晕,3
旅客,3
面积,3
费解,3
诱惑,3
新闻报道,3
点评,3
张明,3
捐款,3
灭火,3
同学聚会,3
案,3
预定,3
祸害,3
敲打,3
溺水,3
涵涵,3
车位,3
农民工,3
陪伴,3
确保,3
油田,3
获救,3
满满,3
宋,3
属,3
逗,3
亲,3
口味,3
发放,3
得以,3
娱乐活动,3
探望,3
前段时间,3
禁售,3
帮帮,3
遗物,3
疯传,3
甩,3
怒火,3
工商,3
享年,3
搓,3
全程,3
子孙后代,3
东京,3
限购,3
宝马,3
箱子,3
仓库,3
两口子,3
皮,3
豪车,3
鸭蛋,3
象,3
虫,3
瞎,3
看待,3
毽客,3
嫁妆,3
集体,3
婚姻,3
执政,3
夫妇,3
恢,3
拆除,3
指示,3
戒严,3
祝福,3
火者,3
宜宾,3
约定,3
露露,3
飞往,3
娱乐圈,3
客厅,3
清水,3
权力,3
追,3
罗威,3
尸骨,3
突遇,3
新桥,3
委员会,3
落,3
匹夫,3
访华,3
酸菜鱼,3
法律,3
召回,3
含,3
挖走,3
偷走,3
柿子,3
洪,3
艺术品,3
开发区,3
棋盘山,3
状况,3
沧州,3
爷爷,3
启智,3
拍戏,3
祝,3
壶口,3
肇事,3
插,3
伤势,3
军阀,3
掏,3
合十,3
兴趣,3
个票,3
外,3
个队,3
土狗,3
灾情,3
化学品,3
土匪,3
刷,3
抱拳,3
士兵,3
狗场,3
深度,3
结婚证,3
暴发,3
快报,3
核心,3
财经,3
高速公路,3
环境,3
微风,3
海涂,3
乳源,3
不噪,3
沦陷,3
欠,3
违背,3
税,3
真事,3
消防车,3
律师,3
自信,3
遇见,3
硚口区,3
内心,3
恶魔,3
子女,3
妹,3
足够,3
燃气,3
搜出,3
悬崖,3
死亡率,3
票,3
葫芦岛市,3
广告词,3
福,3
别致,3
是从,3
大视野,3
搭,3
友情,3
车厢,3
车桥,3
人能,3
副教授,3
葫芦岛,3
民盟,3
上市,3
立案,3
允悲,3
出院,3
保证,3
襄汾,3
相爱,3
治,3
装,3
对照组,3
名人,3
大夫,3
坐在,3
惊,3
童姥,3
双,3
拐卖儿童,3
表现,3
冰雹,3
落水,3
坠亡,3
经典,3
嫖娼,3
漳州,3
生气,3
精品,3
开幕,3
拿到,3
可救,3
双胞胎,3
口角,3
亚美尼亚,3
阿塞拜疆,3
车库,3
无药,3
转发给,3
消除,3
撤离,3
北京市,3
抢救性,3
泪目,3
强制,3
店里,3
方圆,3
美的,3
遇难者,3
东门,3
停下,3
流浪,3
害死,3
放入,3
扩建,3
睡着,3
服,3
马甲,3
毒打,3
策略,3
停产,3
下载,3
儿女,3
音乐,3
洗,3
贪官,3
赵茂涵,3
印尼,3
干爹,3
肉丝,3
称为,3
高,3
舞台,3
科,3
奇怪,3
八卦,3
华庭,3
表演,3
肖,3
部落,3
载为,3
文明执法,3
献出,3
细节,3
夜班,3
寻求,3
隧道,3
恒,3
多美滋,3
充电器,3
光谷,3
宝贵,3
江某,3
紫金,3
环球时报,3
类似,3
李志刚,3
气象台,3
新乡,3
上空,3
凤凰,3
上于,3
响应,3
大队,3
翻,3
小视频,3
权益,3
发烧,3
改变,3
滨州,3
农商,3
喉咙,3
运行,3
一楼,3
挺住,3
盗窃,3
浦东,3
刘,3
牛博超,3
生长,3
线索,3
叔,3
都市,3
西乡,3
现象,3
党政干部,3
住院,3
刘雅婷,3
投入,3
扶梯,3
迷惑,3
湛江市,3
倾倒,3
原由,3
民工,3
散落,3
窗户,3
实行,3
碾压,3
羞辱,3
受虐,3
潍坊,3
风水师,3
地壳,3
脖子,3
底线,3
推移,3
灾区,3
嫌弃,3
增长,3
红色,3
游戏,3
朝阳市,3
死因,3
毫无,3
真,3
乘坐,3
安庆,3
飞行,3
时光,3
损失,3
计较,3
城事,3
齐齐哈尔,3
强台风,3
太原市,3
机器人,3
作,3
没用,3
警员,3
常德市,3
就寝,3
低洼地,3
不见,3
卫星,3
惨遭,3
毒素,3
叔叔,3
小编,3
全力,3
侧翻,3
返航,3
东乌旗,3
摄像头,3
工作组,3
热闻,3
赶赴,3
火神,3
付款,3
转账,3
性快感,3
嫖客,3
浴室,3
任梁,3
捅,3
锡盟,3
石狮,3
异事,3
挑衅,3
好孩子,3
市政府,3
天空,3
京城,3
危房,3
对象,3
进门,3
热门话题,3
装修,3
累计,3
朝鲜,3
虾,3
感慨,3
缺陷,3
分尸,3
中國,3
澎湃,3
知,3
广告,3
米处,3
废水,3
燃料,3
郡,3
晋江,3
验证,3
号称,3
排除,3
烈士,3
主持人,3
自带,3
装置,3
风筝节,3
皮皮虾,3
邻里,3
麻醉药,3
桂林,3
姿势,3
直通车,3
夫妻,3
新沂,3
被子,3
一块钱,3
包裹,2
退,2
金融,2
好友,2
吃亏,2
功率,2
爆炸事件,2
车牌号,2
凤仪,2
耗电量,2
电热水壶,2
长乐,2
犯罪分子,2
截止,2
胶状,2
灵路,2
带黑,2
倒闭,2
职务,2
不堪,2
钢厂,2
电器,2
說,2
老先生,2
县长,2
爱人,2
传给,2
曝料,2
蛋汤,2
内蒙,2
物品,2
后台,2
大院里,2
中国移动,2
思考,2
得来,2
东兰,2
门诊,2
中国电信,2
夹,2
茶油,2
途径,2
转基因,2
警力,2
辖,2
杭州湾,2
花香,2
白宫,2
改成,2
了哭,2
已成,2
乡村,2
火海,2
制成,2
姚,2
坡索,2
在外,2
背景,2
泉州,2
福岛,2
成就,2
逃请,2
涡轮,2
人活禽,2
交易市场,2
全人类,2
人肉,2
偏差,2
新闻频道,2
深圳市,2
钩虫病,2
绑,2
好笑,2
迷倒,2
中国香港,2
保温车,2
消防官兵,2
平顶山,2
打牌,2
国风,2
捧场,2
大都市,2
谢楠,2
全都,2
给我发,2
二楼,2
鹿寨,2
泽,2
高温,2
逗留,2
厂区,2
机械,2
表,2
吉利,2
敲诈,2
咒骂,2
璐,2
守,2
后怕,2
过火,2
态度,2
时报,2
保佑,2
猫爪,2
仙人,2
胡子,2
酬金,2
交响乐,2
战场,2
武器,2
激光,2
米脂,2
九寨沟,2
平坝,2
辞,2
富锦,2
生死,2
剪刀,2
卡住,2
斜阳,2
米线,2
翁,2
遗言,2
招呼,2
警车,2
救护车,2
印钞,2
军用,2
刺入,2
晒,2
受灾,2
只能靠,2
了名,2
津市市,2
礼,2
河堤,2
贵,2
哈尔滨市,2
海关,2
乌鲁木齐,2
批评,2
基金,2
后人,2
护照,2
站台,2
标题,2
小贝,2
手机用户,2
理答,2
再现,2
结论,2
敢花,2
安吉,2
礼花,2
所长,2
当地政府,2
利,2
牛肉,2
渔民,2
栏杆,2
城府,2
不育症,2
借种,2
头衔,2
香火,2
河里,2
敬请,2
海苔,2
盛传,2
老家伙,2
橘子,2
北辰,2
邢台市,2
预约,2
甘南,2
机组人员,2
风景,2
浪,2
宁继春,2
桃花,2
组建,2
光顾,2
午饭,2
阿弥陀佛,2
宝贝儿,2
无辜,2
进站,2
传下,2
面颊,2
祸,2
上源,2
福建省,2
敬礼,2
致以,2
顾,2
打仗,2
賭球,2
包菜,2
副镇长,2
调入,2
辉山,2
拔,2
沈北,2
抵,2
遇上,2
身为,2
下楼,2
时时,2
新华社夫人,2
歧视,2
画,2
匪徒,2
剖腹产,2
官媒,2
缺点,2
绝无,2
妇幼保健,2
录,2
回波,2
上限,2
防火,2
李子,2
账号,2
交钱,2
信息量,2
火情,2
引發,2
大都,2
警报,2
宾馆,2
大西北,2
狂风,2
手法,2
全境,2
小伙,2
巴基斯坦,2
虫卵,2
起飞,2
强度,2
杨梅,2
共人,2
油,2
实习生,2
侦查,2
天恩,2
晚饭,2
上路,2
不出,2
赤峰,2
嫁,2
体育馆,2
昆山,2
临汾市,2
抬出,2
江中,2
虹桥,2
玉溪,2
粒奶,2
源果,2
想不开,2
青海,2
了泪,2
钙奶,2
谴责,2
隐藏,2
网红,2
油罐车,2
坠,2
敌对势力,2
看起来,2
招聘,2
旺仔,2
金子,2
谨防,2
曹艳,2
雷达,2
脑浆,2
同胞们,2
景德镇,2
公信力,2
广州市,2
不,2
防,2
甩掉,2
疑犯,2
青,2
电梯,2
法官,2
延时,2
高二,2
公车,2
直至,2
魏,2
法制,2
丧尸,2
职校,2
加多宝,2
交界处,2
遵守,2
儿媳妇,2
专业人士,2
革命军人,2
通风,2
负压,2
基础,2
预存,2
转出去,2
带路,2
危机,2
县,2
更换,2
设计者,2
粉条,2
滑行,2
理念,2
艺术,2
残疾,2
方案,2
福建人,2
外国游客,2
發現,2
情夫,2
务工,2
漂浮,2
装配,2
水电站,2
伤亡人数,2
盲目,2
显得,2
飛行員,2
入院,2
私人,2
烧死,2
划,2
常识,2
消毒液,2
永州市,2
实录,2
善念,2
无端,2
开眼界,2
几秒钟,2
流水线,2
弹性,2
李辛枫,2
古雷,2
立案侦查,2
急救,2
感谢费,2
喝加,2
古蔺县,2
调任,2
河湖,2
现行,2
预热,2
青春,2
漳州市,2
无助,2
数学,2
办公楼,2
头破血流,2
公子,2
姐姐,2
器,2
贪玩,2
何忠友,2
老挝,2
教车,2
熊熊,2
茄子,2
讨要,2
海南省,2
跳下来,2
自由港,2
揪出来,2
贵重,2
病房,2
旅行团,2
超出,2
行政区,2
德國,2
病痛,2
国级,2
买下,2
宿,2
震感,2
燈,2
副省长,2
亲吻,2
案犯,2
耗电,2
热,2
部级,2
去向,2
蓄意,2
流感,2
过渡期,2
伤员,2
木间,2
国民素质,2
决议,2
脾气,2
讨薪,2
止,2
尧,2
庆贺,2
治病,2
道德,2
种植,2
右脚,2
巡警,2
缝,2
不遇,2
埋,2
开阳县,2
停办,2
餐厅,2
奉劝,2
取完,2
烟草,2
打假,2
透明,2
扫,2
烟丝,2
小宝,2
好心人,2
新闻线索,2
彤,2
濮阳,2
斧头,2
鞠纯魏,2
郭津,2
吕,2
敲门,2
暴,2
食盐,2
岛,2
法则,2
手表,2
发射,2
水塘,2
宝鸡,2
女家,2
画风,2
财礼,2
总量,2
地球日,2
丫,2
泼,2
挑来,2
赌博,2
粪,2
签,2
肠胃,2
见者,2
打鱼,2
泼妇,2
粪水,2
注册,2
类食品,2
抗凝剂,2
梁溪,2
大巴车,2
回顾,2
填写,2
国民,2
摁,2
杀戮,2
受理,2
监督局,2
小飞哥,2
丑闻,2
合肥市,2
不理,2
醒,2
神经病,2
流氓,2
荤笑话,2
敢于,2
安康,2
逃逸,2
实质,2
亲戚朋友,2
血液,2
迎接,2
油气,2
刻苦,2
判断,2
记忆,2
人为,2
依法,2
心脑血管,2
聚众,2
未果,2
赔偿款,2
睢县,2
沙田,2
银海,2
周刊,2
灵,2
血型,2
桥梁,2
雯,2
祝愿,2
空客,2
砍伤,2
埃,2
贝贝,2
客区,2
卧室,2
桦甸市,2
具,2
需点赞,2
大门口,2
阿尔及利亚,2
致癌,2
复飞,2
运,2
油污,2
油车,2
换取,2
余姚,2
头发,2
店铺,2
选手,2
顺路,2
婺源,2
煤气中毒,2
彩虹桥,2
南国,2
出于,2
天路,2
打斗,2
汇,2
生子,2
星巴克,2
驾校,2
人人,2
龙海,2
绵阳,2
辽阳市,2
沅,2
河源,2
玉龙雪山,2
烧鸭,2
厂,2
着陆,2
数百人,2
打赏,2
放射性,2
中街,2
耍,2
太漂亮,2
纸箱,2
价值观,2
天灾,2
位,2
王盛龙,2
锦州市,2
鞍山市,2
蒋介石,2
心动,2
出击,2
钢镚,2
下达,2
抚顺市,2
志峰,2
答,2
早起,2
盘锦市,2
了据,2
皮肤病,2
南安,2
出征,2
牛蒡,2
狗叫,2
购物中心,2
强哥,2
捍卫,2
唱,2
走到,2
嘲笑,2
神态,2
退休,2
叠,2
公正,2
炖,2
善心,2
荔枝,2
双碑,2
列为,2
张丰毅,2
父母亲,2
地质灾害,2
政务,2
县政府,2
证据,2
添,2
高位,2
昌明,2
提个醒,2
磨村,2
溪,2
停运,2
公民,2
保障,2
本溪市,2
推搡,2
火车站,2
病情,2
娶妻生子,2
衡阳,2
战死沙场,2
大军,2
吞噬,2
分公司,2
原料,2
蜀黍,2
堵,2
穿刺,2
伴郎,2
担,2
挖去,2
撕,2
烫伤,2
了快,2
霞,2
居民楼,2
怀疑,2
人行道,2
车牌,2
人用,2
吸浮,2
睡午觉,2
油门,2
果园,2
舞蹈,2
警官,2
急性,2
掩埋,2
美食街,2
铁岭市,2
小龙,2
称呼,2
白云区,2
饮食,2
折断,2
丹东市,2
绊,2
营口市,2
遵义,2
漯河市,2
危险性,2
平,2
摄影,2
气死,2
假冒,2
哭声,2
大东海,2
该死,2
电鱼,2
用水,2
惊呆,2
压惊,2
全文,2
放炮,2
目击者,2
氧气管,2
全车,2
回过,2
阿坝州,2
商丘市,2
饺子,2
植物,2
算不算,2
高空,2
爱豆,2
星闻,2
塌陷,2
姐夫,2
添加,2
弱小,2
内涵,2
改造,2
萌主,2
星,2
外机,2
费,2
水猴,2
散,2
公交站,2
开会,2
惨案,2
赔,2
演出,2
涨价,2
买来,2
休息,2
取出,2
浸泡,2
吵,2
电闸,2
排行,2
归属,2
动用,2
王慈官,2
商品,2
挂到,2
距离,2
静,2
大水,2
女王,2
粉色,2
征信,2
市中心,2
伤天害理,2
拔丝,2
中兴,2
心语,2
黄金眼,2
拉出去,2
枪毙,2
扑灭,2
疯狗,2
草原,2
女主人,2
登陆,2
翻滚,2
喝酒,2
火势,2
盯上,2
徐州,2
按住,2
拖到,2
原谅,2
老爷爷,2
试了试,2
揍,2
双流,2
华裔,2
清风,2
逝世,2
超凡,2
怪,2
耐,2
银行卡,2
付费,2
双规,2
看似,2
抬入,2
视线,2
国本,2
危害,2
冻库,2
余生,2
泡沫,2
河南人,2
卖菜,2
奏,2
嫁给,2
资产,2
膨大,2
反,2
殿堂,2
分院,2
尝,2
恨,2
补充,2
南汇,2
摸,2
菏泽,2
餐馆,2
服装店,2
爆光,2
无现金,2
火灾现场,2
级别,2
雷劈,2
鉴定,2
宫殿,2
网络系统,2
别以为,2
创办人,2
关税,2
边境线,2
震,2
成本,2
山洪,2
解救,2
大伙,2
来临,2
宝马车,2
张开,2
雄,2
双腿,2
进来,2
火星,2
吹飞,2
倒车,2
机被,2
争吵,2
老街,2
自称,2
纤维,2
丝,2
车门,2
三原县,2
能行,2
猫猫,2
不起,2
资格,2
揣,2
坚强,2
水底灯,2
贵宾,2
腰,2
直径,2
添加剂,2
泡出,2
专机,2
翻腾,2
田林,2
断定,2
观众,2
吉娃娃,2
水泡,2
喜力,2
饿死,2
扑,2
嘉禾,2
至尊,2
复制粘贴,2
饲养员,2
申冤,2
精髓,2
抨击,2
武装,2
奸商,2
真让人,2
净水器,2
享有,2
消失,2
下给,2
下水,2
遛狗,2
分发,2
会员,2
一姐,2
请勿,2
电动,2
昏倒,2
总,2
借贷,2
老天爷,2
半星,2
中央台鸡蛋,2
城东,2
信心,2
愛,2
朝阳,2
淮南市,2
砍死,2
小调,2
安装,2
普通人,2
网站,2
万国,2
苍生,2
黄龙旗,2
生者,2
奈何,2
金龙鱼,2
唱起,2
大笑,2
付,2
伴随,2
茉莉花,2
糕点,2
周庄,2
关掉,2
说完,2
染色,2
猫族,2
老和尚,2
老板娘,2
西宁,2
海面,2
苏家屯,2
汉堡,2
服务员,2
手绘,2
打破,2
跪求,2
旅,2
前行,2
嘱咐,2
剩下,2
结成,2
队长,2
冰,2
吓死,2
绽放,2
心脏,2
数字,2
梦醒,2
宵夜,2
变态,2
勘察,2
公务员,2
贴近,2
淹死,2
对面,2
杀到,2
武山县,2
女老师,2
棉絮,2
罪,2
饼干,2
奔驰,2
糕点店,2
宝安,2
撞车,2
举动,2
二本,2
仪器,2
阅读,2
寻人,2
江宁,2
王庄,2
替代,2
通,2
喜多,2
王庄村,2
集锦,2
震区,2
人物,2
客,2
黔西南州,2
壁垒,2
重磅,2
自治州,2
挨打,2
布依族,2
未知,2
冲出,2
剩,2
神图,2
津市,2
晚点,2
武汉市,2
叫嚣,2
丽江,2
铁索桥,2
胡,2
交叉口,2
高度,2
全民,2
不肯,2
缆车,2
杜绝,2
溜索,2
真人,2
打造,2
活到,2
谜,2
延伸,2
人质,2
过分,2
扔到,2
踩踏,2
脱,2
看热闹,2
渣,2
拖,2
跪,2
哀嚎,2
奔波,2
虫虫,2
学堂,2
育儿,2
红士,2
神西,2
监管部门,2
蒜,2
学伴,2
反腐,2
新闻媒体,2
有序,2
勤洗手,2
常态,2
解封,2
放开,2
传达,2
化,2
欧尚,2
毒气,2
上热,2
查查,2
官微,2
账户,2
交出,2
施压,2
环境卫生,2
佳味,2
爱滋病,2
帐户,2
制,2
降低,2
招,2
日报,2
舒兰,2
全攻略,2
天,2
地坛公园,2
器械,2
单杠,2
老者,2
回旋,2
横向,2
排名榜,2
商城,2
放光,2
头晕,2
鱼肉,2
地址,2
违反,2
驱散,2
追究,2
东明,2
上海浦东,2
灭,2
机票,2
男岁,2
温度,2
诊断,2
特征,2
主体,2
华南,2
绿化,2
修复,2
残杀,2
分局,2
鱼塘,2
见闻,2
疼痛,2
讯息,2
拒不,2
咳嗽,2
包下,2
并用,2
发言,2
少见,2
情节,2
人妖,2
赏花,2
西北,2
车间,2
天津市,2
机舱,2
山头,2
看过,2
创新,2
启示,2
伙食,2
上涨,2
微友,2
廖,2
家门,2
小儿子,2
意外事件,2
废墟,2
寓意,2
皇后,2
花费,2
水煮鱼,2
呕吐,2
发觉,2
头颅,2
捡钱,2
流程,2
招认,2
报销,2
惊到,2
出餐,2
倪,2
中学校长,2
细胞,2
刺激,2
地铁站,2
业,2
传言,2
斗门,2
作孽,2
蔓延,2
尚无,2
性质,2
不住,2
遛,2
炫耀,2
亲儿子,2
兰兰,2
鑫,2
海淀区,2
北太平庄,2
附院,2
澳,2
废弃,2
橡胶,2
中科院,2
节,2
资阳,2
华夏,2
北京城,2
养老,2
南关,2
黄码,2
亲爹,2
享,2
挖出来,2
锦秋,2
营,2
都市报,2
河路,2
航路,2
圆明园,2
小楼,2
区区,2
宿舍,2
老年公寓,2
庄,2
街号,2
禽兽,2
洼,2
喘气,2
谢谢你们,2
住宅,2
废塑料,2
落轨,2
洗洗,2
像是,2
攒,2
看病,2
杂志,2
认可,2
博物,2
阿姨,2
减肥,2
成全,2
咸鸭蛋,2
补贴,2
越南,2
断气,2
地质,2
碾,2
推荐,2
领土,2
用心,2
压线,2
细思,2
豆腐,2
新加坡,2
羊驼,2
电力,2
月亮,2
大国,2
玉镯,2
事业,2
整理,2
做假,2
商人,2
山寨,2
阳台,2
深水,2
利川,2
小河沟,2
漫画,2
指,2
渔船,2
码头,2
水产,2
看别,2
晓得,2
镜头,2
遊行,2
心态,2
没考,2
府,2
平价,2
语文,2
屁股,2
开县,2
耶稣,2
违建,2
错过,2
烧成,2
玩闹,2
没点,2
老王,2
要命,2
彭,2
协议,2
责任,2
履行,2
绿洲,2
天主教堂,2
胃,2
笙,2
整治,2
宗教,2
代言人,2
丰都县,2
汛情,2
同心,2
龙岗,2
拦停,2
恐吓,2
限速,2
珠海,2
波,2
改版,2
被淹,2
清洗,2
坠河,2
先车,2
腿部,2
机车,2
避暑,2
陷,2
采纳,2
私家车,2
道别,2
江湖,2
走进,2
做不了,2
课,2
缺粮,2
驰援,2
美韩,2
笔记本电脑,2
实习,2
分开,2
演示,2
输入,2
上报,2
请示,2
对待,2
马云,2
横穿,2
电线,2
毕业生,2
孙杨,2
嫌犯,2
红,2
法国人,2
暴动,2
治安,2
老人家,2
圣母,2
解脱,2
解决问题,2
质疑,2
教育部,2
中考,2
德国,2
人性化,2
乡镇,2
瑞士,2
签名,2
实验区,2
盾牌,2
科学,2
保释,2
山东人,2
侠,2
拖行,2
整体,2
蓝雪宝,2
公开课,2
纪事,2
没收,2
家家,2
外孙,2
肉类,2
水产品,2
冷库,2
下降,2
阶段,2
郑晓银,2
翻越,2
马蓉,2
搅,2
回不去,2
万幸,2
扶,2
訛,2
冷冻,2
看剧,2
不读,2
迫降,2
电线杆,2
列车,2
靠窗,2
巅峰,2
高校,2
躺倒,2
醉倒,2
延长,2
拖拉机,2
趋势,2
升官,2
枪战,2
黎巴嫩,2
分辨,2
散步,2
驾车,2
摄像师,2
坠车,2
送医,2
栅栏,2
住宿生,2
交流,2
白酒,2
大马力,2
官场,2
套房,2
出道,2
包头,2
够呛,2
下图,2
跌入,2
新建,2
深井,2
锡林郭勒盟,2
议员,2
改名,2
店员,2
淹,2
澳门,2
大闸蟹,2
机,2
吃饱,2
扎堆,2
生意,2
跑车,2
求救,2
未遂,2
圈内,2
考不起,2
黄色,2
汇总,2
滴滴,2
高管,2
升学压力,2
瓜子,2
占,2
解约,2
考分,2
整笼,2
魚类,2
打车,2
独立,2
橙,2
雪花,2
喇叭,2
太坏,2
好转,2
年岁,2
病逝,2
一分钱,2
正气,2
形象,2
博主,2
民生,2
万象,2
不顾,2
拨打,2
说道,2
厨子,2
高架桥,2
劫持,2
众人,2
代价,2
吉林长春,2
电饭煲,2
在乎,2
康师傅,2
丹东,2
鞍山,2
季,2
女护士,2
佣金,2
返,2
让出,2
编,2
好事,2
金城,2
哭诉,2
领取,2
毕业,2
帅气,2
形势,2
鲜肉,2
张大,2
派出,2
冰恋,2
境界,2
转塘,2
无意,2
国度,2
徐璐,2
火车,2
排,2
川普,2
颈椎,2
男星,2
视角,2
避孕套,2
教室,2
杨柳,2
迟到,2
青青,2
作弊,2
考场,2
匍匐,2
型号,2
倾城,2
铭记,2
之恋,2
人网,2
施虐,2
步行街,2
虐恋,2
苍蝇,2
满天飞,2
尾巴,2
缠住,2
法庭,2
共计,2
名叫,2
酸奶,2
安顺,2
调出,2
收费,2
考得,2
喜爱,2
涉及,2
客观,2
动作片,2
拍下,2
上演,2
爱情,2
麻痹,2
山镇,2
肛,2
方舱,2
存,2
对比,2
避开,2
政协委员,2
砀山,2
野,2
残粉,2
放错,2
接种,2
感情,2
睡不着,2
被删,2
吻合,2
涉县,2
粉红色,2
数据,2
主委,2
肺,2
汤,2
十堰,2
引爆,2
震碎,2
走心,2
反手,2
堪忧,2
黄,2
回报,2
税收,2
力度,2
尔,2
拍完,2
锁门,2
校区,2
负,2
法律责任,2
上课,2
家,2
门窗,2
熟人,2
收钱,2
头像,2
瑾,2
走上,2
领,2
在读,2
下,2
帅哥,2
博士生,2
加州,2
店主,2
邻居,2
了求,2
湛江,2
视观,2
注定,2
呼和浩特市,2
滚蛋,2
完毕,2
意味着,2
平复,2
作战,2
指责,2
滚出,2
精液,2
不交,2
退出,2
失眠,2
邮件,2
坐车,2
甘孜藏族自治州,2
机动车,2
档案,2
锁定,2
锁,2
理科,2
省份,2
鳄鱼,2
男性,2
窒息而死,2
外加,2
佩戴,2
经纪,2
没能,2
互助,2
离去,2
玩致,2
羡慕,2
同性,2
妹妹,2
求助,2
伙伴,2
消杀,2
万性,2
支援,2
活该,2
小道消息,2
红码,2
抗,2
广西南宁,2
白沙,2
坐等,2
巴中,2
腐蚀,2
永川,2
共和国,2
买药,2
迷,2
停车,2
女权主义者,2
學,2
血案,2
宁波市,2
悟空,2
病愈,2
普京,2
毛钱,2
土,2
趣闻,2
兒子,2
码哥,2
军警,2
跨跨,2
拒,2
呐喊,2
明知,2
打人者,2
公示,2
婚,2
暴乱,2
令,2
旧索,2
娃儿,2
主缆,2
当局,2
决绝,2
春风,2
钢索,2
开揽,2
权贵,2
省长,2
名誉,2
输,2
压制,2
生人,2
狗生,2
创,2
驱赶,2
卡车,2
群殴,2
室友,2
班,2
谋杀,2
楼梯间,2
打得,2
存放,2
三民,2
破坏,2
诗,2
淤,2
爆發,2
剧,2
勾结,2
摔死,2
巡逻,2
养成,2
准确性,2
水分,2
队员,2
伸冤,2
水里,2
猛哥,2
心寒,2
护栏,2
人口,2
拉住,2
外籍,2
女权,2
标准,2
含量,2
奶品,2
管理员,2
小兵,2
婴幼儿,2
机长,2
强力,2
水面,2
真渣,2
砒霜,2
锚,2
度假,2
草鱼,2
天坛,2
文明城市,2
疼,2
全家福,2
方言,2
遍及,2
虐杀,2
中学校园,2
瑞安,2
健身,2
抱抱,2
上台,2
编制,2
虐待,2
颁布,2
屋,2
带头人,2
老实人,2
奥特曼,2
成绩优秀,2
呼吸科,2
柳叶刀,2
人渣,2
婊姐,2
高福,2
医学杂志,2
伏,2
看不到,2
署名,2
下台,2
神山,2
玩弄,2
连读,2
顶尖,2
拥入,2
土耳其,2
存款,2
专利费,2
用于,2
出面,2
用品,2
重点项目,2
感人,2
神童,2
陈兆鹏,2
钢箱梁,2
高喊,2
拥抱,2
屏蔽,2
奋战,2
世道,2
灰鬼,1
译文,1
有木,1
路网,1
福集事实,1
地级,1
掉进去,1
单品,1
句容市,1
文藝,1
句容,1
安乐死,1
诬蔑,1
作死,1
底细,1
火山口,1
唱歌,1
恤是,1
康,1
鴻藝,1
捣毁,1
老赐,1
电商,1
挂掉,1
熬夜,1
丹阳市,1
镇江,1
溧阳市,1
兴仁县,1
泰州市,1
早睡,1
镇江市,1
必备,1
發生,1
战狼,1
江苏省,1
米露乔,1
谢玄,1
扬中市,1
杨云阁,1
田,1
无锡市,1
南京市,1
宜兴市,1
吉,1
长得帅,1
四平,1
常州市,1
取证,1
白莲花,1
童装,1
博炸,1
走好,1
亚军,1
沸水,1
下锅,1
延长县,1
说到,1
苦海,1
等来,1
皮够厚,1
表情,1
孙大蛋,1
个人资料,1
热度,1
中央台气,1
飘飞,1
化身,1
过头,1
亡魂,1
不配,1
简书,1
天赋,1
贵圈,1
累爱,1
死城,1
照据,1
初步判断,1
亲者,1
歌手,1
超爱,1
取向,1
压抑,1
死于,1
善,1
雪雁,1
貂妹,1
董路,1
曝出,1
手感,1
账面,1
水准,1
直喷,1
增压,1
全过程,1
心安,1
透支,1
比亚迪,1
岩浆,1
孙方春,1
个脏,1
子之,1
曝与,1
吐蕃,1
斯基,1
算作,1
逮,1
任乔梁,1
捐助,1
法医鉴定,1
总数,1
愚人节,1
淡定,1
了达,1
套住,1
蒙先森,1
炒作,1
导制,1
朋然,1
诣,1
人食,1
坏消息,1
收割,1
亚圣,1
坐实,1
艺人,1
面汤,1
薛,1
家泰迪,1
圣言,1
阿叶,1
吉林大学船长,1
砣,1
思南县,1
石阡县,1
铜,1
公安厅,1
秀色,1
死掉,1
梁某,1
大厅,1
画质,1
郯城县,1
丛林战,1
猝死,1
传艺,1
瓜皮,1
口香糖,1
关在东,1
宗诚鲁,1
唏嘘,1
上坡,1
月份,1
提到,1
乔乔,1
地道战,1
祁,1
得上,1
李庄,1
狂叫,1
吉林大学师妹,1
艾尔图,1
发文,1
焦作,1
王爷,1
树林,1
燎,1
猜庸,1
壬阜,1
矿,1
曹村,1
新都区,1
鞭炮厂,1
陈晨,1
合川,1
速闻,1
根治,1
同情,1
底气,1
吉林大学城管,1
武陟县,1
醉初,1
美猴王,1
翻好,1
一程,1
猴哥,1
腐女,1
馊味,1
李红,1
不网,1
酱据,1
致死率,1
梁大,1
关护,1
形似,1
鼻孔,1
畫笔,1
构造,1
严正,1
整容,1
婊,1
妻,1
六小龄童,1
上海籍,1
胶想,1
自残,1
帐号,1
听不清,1
个性,1
吉他手,1
没火,1
田安军,1
中愿八卦,1
影视频道,1
卜卦,1
演戏,1
山鹰,1
出不进,1
郑州大学大易,1
雅,1
哈欠,1
国际化嘴炮,1
映,1
林巍,1
官宣,1
郑州大学键,1
在意,1
饭团,1
水龙头,1
行政区划,1
哲语,1
痛哭,1
鲍,1
滴蜡,1
玉泉路,1
不认,1
性变态,1
归为,1
屯路,1
小票,1
水冲,1
高潮,1
重口,1
刘柏宇,1
赵宏民,1
上点,1
切断,1
指挥,1
不太好,1
妍,1
张一山,1
屌丝,1
轻身,1
文玩,1
念头,1
了加,1
确为,1
孙瑞峰,1
院女,1
盐城,1
趴下,1
小分队,1
电警棍,1
有伤,1
疑为,1
亲嘴,1
吉林大学人民,1
小猪,1
捂紧,1
进出,1
坐镇,1
组合,1
分馏,1
裂化,1
李易峰,1
催化,1
乔峰,1
物料,1
伤亡事故,1
素,1
特大新闻,1
华景夕,1
重油,1
液化气,1
响,1
办好,1
激吻,1
打过,1
看战,1
排长队,1
装逼,1
菊花,1
喧嚣,1
踏入,1
面奴,1
交待,1
圈里人,1
得举,1
误,1
水井,1
福人,1
旭,1
丢人,1
应酬,1
祥,1
宏,1
三河,1
漢皇苑,1
没变,1
乔某,1
华宏,1
追悼,1
音,1
亲妈,1
委员,1
教务处,1
水火,1
案发,1
易经,1
国学,1
混,1
副处长,1
导师,1
区委,1
狗粉,1
资历,1
品源,1
镀金,1
说谎,1
转世,1
朝阳区,1
北京中医药大学,1
北京市委妈,1
躲,1
垃圾桶,1
蝉,1
横扫,1
水军,1
展招,1
大理,1
林业局,1
死法,1
生儿,1
说成,1
炒,1
丰收,1
冷涡,1
生女,1
小米,1
小白菜,1
宜州,1
下流,1
喷死,1
虎丘,1
菌类,1
邹新盛,1
邹,1
爱好者,1
里乔任,1
偏见,1
槐,1
独家,1
网民,1
兌,1
失声,1
梁传乔,1
有料,1
云贵高原,1
覆,1
保山,1
朱庆福,1
凯源玺,1
德宏,1
叶,1
进山,1
乔治,1
大游,1
现任,1
盟员,1
文水,1
柠橘,1
包赔,1
磕碰,1
发货,1
福尔马林,1
果腊,1
刘兴春,1
禽兽不如,1
去除,1
洗不掉,1
鸡汁,1
缚鸡之力,1
保守,1
诉求,1
彩云,1
县里,1
上喷,1
践踏,1
清洗剂,1
新鲜,1
心事,1
人站,1
郑,1
描述,1
小包,1
房价,1
地价,1
逻辑,1
走散,1
国胶,1
东阿,1
没得,1
哑,1
头脑,1
华中,1
转起,1
桃商,1
明烛,1
了我,1
巴国,1
熊霸,1
蔬果,1
辩解,1
宋喜莲,1
景点,1
知错,1
性交易,1
优点,1
张紫妍,1
季节,1
院长,1
金口河区,1
乐山市,1
基础设施,1
遗书,1
红薯,1
同食,1
结石,1
震源,1
金口,1
了想,1
赞求,1
剖腹,1
小光,1
秋裤,1
祝你幸福,1
上楼,1
溶性,1
罗志刚,1
脂,1
致癌物,1
飞入,1
蔓,1
上告,1
防腐,1
文明卫生,1
女星,1
拖走,1
富錦华,1
喜庆,1
黎城县,1
查处,1
创建,1
北辰区外星,1
飘扬,1
镇海区,1
河池,1
尺度,1
远行,1
电源,1
简称,1
轰动,1
倒错,1
封号,1
幸福美好,1
发愁,1
双音,1
傻笑,1
包养,1
人和事,1
晨光,1
小雪,1
陈光武,1
角落里,1
赞美,1
访谈,1
洋奴,1
稳压器,1
海啸,1
鞭打,1
肉体,1
畏缩,1
速五,1
主奴,1
特殊性,1
性欲,1
火化,1
术语,1
起床,1
施虐癖,1
出差,1
性兴奋,1
满足感,1
后者,1
性格,1
里氏,1
杜品忠,1
弘翼,1
缩写,1
天安门广场,1
得胜,1
女声,1
小寨,1
蔡明宇,1
吳京,1
公众,1
一气,1
覺得,1
小民,1
新剧,1
緬,1
点开,1
所想,1
发誓,1
杨家湾,1
还信,1
搞定,1
尿,1
屁,1
屎,1
专干,1
双鱼,1
临汾,1
施加,1
弯曲,1
山麓,1
反倒,1
百感交集,1
救险,1
掩盖,1
站立,1
细心,1
消防支队,1
升旗,1
还俗,1
南昌市,1
表露,1
范畴,1
星座,1
寿阳县,1
晋中,1
发生冲突,1
世人,1
歌,1
奴,1
微言,1
煤气管道,1
误服,1
音乐会饮料,1
嘉宾,1
九霄,1
忆往昔,1
古老,1
祈,1
付辛博,1
助力,1
毒,1
梁梁,1
阵容,1
顶级,1
演唱会,1
歌入,1
音乐盛典,1
刷爆,1
古风,1
鼠,1
大院,1
熄火,1
省政府,1
蓉城,1
环江,1
郑爽,1
飞笑,1
黑帮,1
海湾,1
丁丁,1
迷人,1
敢喝,1
赵丽颖,1
郯城,1
女友,1
邳州,1
玩泪,1
红运,1
王老吉,1
抛下,1
于辰辰,1
吴家山,1
分拣,1
动机,1
花俏,1
屏,1
地盘,1
雷锋,1
官乔,1
小样,1
蒙头,1
人民政府人,1
愤网,1
折桂,1
脑梗,1
华丽,1
段林希,1
触动,1
耗时,1
曝小,1
智勇,1
方是,1
奴隶,1
小寒,1
红士乔,1
炸弹,1
富,1
陈乔恩,1
人事部,1
井柏然,1
支沟,1
拼抢,1
百,1
屁眼,1
帅,1
那英,1
春夏秋冬,1
歌曲,1
操死,1
为准,1
小妮子,1
玩性,1
王八蛋,1
光彩,1
楼炸,1
玉米面,1
灭门案,1
西陶镇,1
谈,1
东升,1
张家口,1
沒钱,1
吹牛,1
大酒店,1
中華,1
后涵涵,1
奔跑,1
接诊,1
屏幕,1
袒护,1
答案,1
剪,1
兴义,1
粉粉,1
剪线,1
心跳,1
凤阳,1
血渍,1
张家口市,1
莫及,1
八宝粥,1
鞭長,1
公安局学生,1
后院,1
故土,1
编造,1
力竭,1
煤气罐,1
养殖场,1
遺禍,1
桑,1
蔣萬安,1
发麻,1
會,1
木村,1
引入,1
發財,1
年关,1
受害,1
坐标,1
眼科,1
化名,1
积福,1
道理,1
老三,1
逸夫楼,1
香香,1
兖州,1
赚够,1
巴厘岛,1
群架,1
陶傲娇,1
封口,1
泡吧,1
进化,1
溺水者,1
打扮,1
民族主义,1
光亮亮,1
驿站,1
泉阳,1
寺庙,1
办理,1
狂犬病毒,1
发情期,1
白猫,1
河水,1
冀东,1
油炸,1
刁民,1
隆林,1
安龙,1
任婧茹,1
钓鱼岛,1
盐,1
亳州市,1
了学霸,1
涡阳县,1
毛主席,1
溺亡,1
撞到,1
避让,1
秘书,1
张玉凤,1
院校,1
灵性,1
勢力,1
赋评,1
王国,1
太久,1
增兵,1
发明,1
默认,1
牺隗,1
月经,1
停靠,1
再有,1
婊的,1
代发,1
曼朗华,1
盛誉,1
等到,1
很漂亮,1
交房,1
投靠,1
佛祖,1
飞上去,1
没报,1
发白,1
隗祥,1
撤,1
用来,1
食品质量,1
附该,1
原始,1
战备,1
娘亲,1
枪口,1
芝麻,1
前瞻,1
可笑,1
伤神,1
张江,1
轩轩,1
讲述,1
上房,1
天黑请,1
老乡,1
苍坑,1
酆凯康,1
采取措施,1
无核,1
现世报,1
处理事件,1
用电,1
港口,1
了有,1
了关,1
子镇,1
委員,1
外國,1
核廢料,1
大地,1
禍害,1
中央台小朋友,1
像胶,1
报应,1
请为,1
堆积,1
炸死,1
漢奸,1
國賊,1
隔代,1
松原市,1
速冻,1
雄起,1
沒有,1
燕郊,1
土壤,1
气愤,1
入睡,1
安危,1
大牌,1
新号,1
再封,1
有鬼,1
药厂,1
煲,1
怪味,1
视屏,1
火锅,1
壩,1
朝鲜半岛,1
文静,1
安理会豪,1
公安局名山,1
罗定,1
华县,1
体会,1
罗甸县,1
淮南,1
太帅,1
停网,1
中央台大白兔,1
罗妥,1
中央台人民,1
魚塘,1
激起,1
中央台私房话,1
哥们儿,1
何贵民,1
菜市场,1
逢,1
院务,1
养猪场,1
肥,1
关押,1
务川,1
越野车,1
生菊,1
公安局时间,1
玩友,1
并称,1
发话,1
挑选,1
机口,1
返程,1
趟水,1
梦魇,1
玩团,1
姨妈,1
抱走,1
击,1
贺,1
白玉县,1
哄,1
有无,1
电视电话会议,1
众生,1
地段,1
亲身,1
捆,1
韶关,1
贵定,1
清华北大排行榜,1
书海,1
呕心,1
杰作,1
教育资源,1
缺氧,1
人力资源,1
新华社店,1
看不出,1
贺喜,1
鸟巢,1
中原,1
榆林,1
米脂县,1
北京地区,1
生活照,1
帖子,1
壮,1
转求,1
苦读,1
小龙虾,1
考考,1
省市,1
内衣,1
先吧,1
备考,1
生错,1
清华北大升学压力,1
扬鹿,1
龙,1
两人,1
小气鬼,1
换成,1
季拼侄,1
绝壁,1
跨省,1
换到,1
乱套,1
高招,1
寒窗,1
增招,1
车桩,1
济阳,1
芗,1
楼楼,1
分布,1
苦行僧,1
泉州网,1
展梦,1
修炼,1
惠,1
时隔,1
中心医院项目,1
九楼,1
闻人,1
城关镇,1
栾川县,1
中心医院男女生,1
新场,1
土城,1
奶香,1
长沙市,1
排位,1
拍电影,1
积水,1
人生路,1
代雪,1
漩涡,1
新田县,1
古城,1
掀起,1
宋晓军,1
大鸭梨,1
罗镜镇,1
步行者,1
通缉,1
郎,1
成长,1
警,1
排水,1
钝器,1
骗确记,1
井盖,1
后脑,1
文化传媒,1
感激,1
岳麓区,1
何志华,1
签收,1
女侠,1
准,1
突下,1
冲断,1
导请,1
坝,1
载人,1
药监局毕节,1
抽验,1
市食,1
北京地铁,1
验尸,1
骨质,1
中毒者,1
制品,1
封道,1
餐饮,1
武安,1
芗城区,1
纳雍县,1
中巴车,1
南岗,1
贴纸,1
四溅,1
北苑路,1
辗毙,1
崩裂,1
封口费,1
京,1
压泥车,1
压路机,1
莲花,1
织金县,1
不公,1
打卡,1
慧慧吖,1
征地,1
芮,1
搜到,1
杜立,1
小屋,1
平壤,1
实为,1
鲜花,1
发图,1
王寶強,1
刘军微,1
永辉,1
中国政府肉松,1
强于,1
王宝,1
一事,1
笑微博,1
老汉,1
哭泪,1
表哥,1
盛世,1
包崇艳,1
扑救,1
忘不掉,1
亲生,1
大潮,1
潮,1
采煤,1
喜,1
馬蓉,1
出軌,1
親,1
拉走,1
內幕,1
甩开,1
親生,1
红衣服,1
離婚,1
仙游县,1
帶著,1
莆田市,1
感覺,1
抢夺,1
把守,1
率,1
翻车,1
佛门,1
金砖,1
郑大,1
皮球,1
僵尸,1
李叶,1
马屁,1
瓮安,1
感謝,1
源自,1
韩束必,1
末班车,1
吴先生,1
认出,1
火焰,1
执行公务,1
墨镜,1
猛摔,1
徐辛,1
佛国,1
港城,1
贝加尔湖,1
尼贺庆,1
提鞋,1
函,1
死活,1
杰小洁,1
沒,1
實核,1
鼓楼,1
不算,1
蓉蓉,1
优兰,1
黔南,1
网易娱乐,1
电业局,1
匹配,1
温月明,1
谢尔顿,1
说来,1
港人,1
花边,1
心心,1
来劲,1
廢料,1
項目,1
距離,1
代理,1
雲,1
转下,1
耗子,1
王朔,1
考试学,1
梦太真醉,1
连庄镇,1
娘家,1
中国政府,1
邱北县,1
资本,1
太深,1
话语权,1
妹纸,1
买饭,1
打餐,1
郭家坝,1
院病,1
门店,1
矿山,1
博白,1
美丽,1
馄钝,1
黄如辉,1
清河县,1
无极限,1
坝锅场,1
查找,1
诗词,1
拥飘,1
迷离,1
石荆村,1
佣,1
电圾岸本,1
贺贺,1
铜梁,1
书信,1
计,1
愚民政策,1
舆论,1
写下,1
外公,1
重庆市,1
捣蛋,1
观看,1
广,1
博白县,1
弓箭,1
偷拍,1
麻袋,1
菠萝,1
监利县,1
却说,1
困死,1
死尸,1
莲蓬,1
汴河,1
饱,1
小男孩,1
成群,1
学有,1
聊城,1
郑州火车站皂动,1
图书馆,1
了速,1
罗伟,1
佛爷,1
毛线,1
黄家,1
倾倒垃圾,1
五国,1
争议地区,1
丛林,1
续,1
续刚,1
亚马逊河,1
达成,1
奇中,1
贴息贷款,1
区岁,1
共识,1
海鸟,1
电杆,1
峰会,1
铁路医院金砖,1
小曲儿,1
绑到,1
优,1
栖息,1
散发,1
西红柿,1
山药蛋,1
引进,1
厕所,1
解,1
杨述,1
中医院公安,1
督促,1
独裁,1
西之壺,1
江北,1
火场,1
董筱涵,1
电棍,1
牛羊,1
天桥,1
石门镇,1
周大福,1
阿呆,1
草根,1
剃,1
打连,1
抄起,1
兰溪市,1
太平洋,1
冰糖,1
外民,1
合辑,1
魑魅,1
陷入,1
不喝,1
山鬼,1
修文,1
听听,1
青石,1
首歌,1
看不懂,1
察明,1
想夺,1
吵起来,1
省地,1
不合,1
沙漠,1
韓公館歌手,1
旅行社,1
掏枪,1
大作,1
项雪龙,1
警铃,1
庇护,1
撵,1
霸道,1
菌丝,1
只望,1
赞授,1
荣华富贵,1
手有余香,1
鹤岗市,1
鳔,1
山清水秀,1
沙龙,1
布吉,1
金麦,1
上建,1
包还,1
核燃料,1
加工厂核废料,1
局势,1
香草,1
毒舌,1
万恶,1
龍崗,1
柜台,1
加醋,1
芹,1
欺压,1
人顶,1
耶耶,1
日本鬼子,1
灭火器,1
指着,1
师姐,1
演变成,1
粉衣,1
凉菜,1
诋毁,1
霍顿,1
正身,1
地震带,1
痞子,1
瀦谜,1
颜氏,1
赌城,1
剪集,1
言语,1
福州人,1
包容,1
关乎,1
知母,1
畸形儿,1
堵截,1
游乐场,1
急救室,1
中央台疑因,1
中医院,1
远志,1
柳州市,1
党政,1
开关,1
决策,1
滑润,1
财经大学醉人,1
核废站,1
媽,1
光头,1
见下文,1
思念,1
欧巴杨省,1
江阴,1
老爸,1
镇府,1
神作,1
郧阳,1
中国地震局事,1
纷扰,1
相比,1
中央台菌,1
板块,1
右手,1
警务人员,1
倩,1
连港,1
淡水湖,1
圆脑,1
军民,1
福建路,1
消防人员,1
听众,1
跑不掉,1
袋装,1
全带,1
要死,1
祖宗,1
张静,1
连云港市,1
永宁县,1
色变,1
兽性,1
农家,1
想法,1
矿泉水瓶,1
北朝鲜,1
洛杉矶,1
倪萍,1
王占阳,1
无能,1
摆脱,1
脑子,1
协警,1
蓝,1
立,1
熊大,1
走近,1
释怀,1
太小,1
核辐射,1
兔子,1
魔王,1
迷路,1
严格管理,1
垃圾处理,1
连根,1
敖子逸,1
吹起来,1
材质,1
新生,1
龙岩,1
东岭,1
工业园,1
卫生部传,1
危,1
邓相超,1
井冈山,1
过床,1
轮奸,1
磕磕碰碰,1
雄鹰,1
滴血,1
玉林市,1
吵吵,1
荣,1
经络,1
致贫,1
控诉,1
血色,1
定数,1
北大街,1
二手车,1
小号,1
被害,1
胶水,1
彤跳,1
承受,1
高家,1
镇宁县,1
宜多,1
拍摄者,1
知心,1
鸭,1
慎入,1
千金小姐,1
潘明,1
牛逼猛,1
初恋,1
请看,1
英勇,1
封路,1
分词,1
学会,1
逾越,1
持械,1
情转,1
愚民,1
伤肝,1
可香,1
热水,1
吃用,1
作何,1
卜卜米,1
商贸,1
起因,1
标语,1
晕晕,1
爱恋,1
为重,1
作业,1
宁宁,1
订,1
辨别,1
拆开,1
女鞋,1
巴,1
复烤,1
制造业,1
国营企业,1
数目,1
夏,1
渠道,1
情况汇报,1
体罚,1
小学老师,1
畅销,1
落定,1
捉到,1
摄取,1
用手,1
小爷,1
举枪,1
包围,1
吃市,1
凌,1
前景,1
心脏病,1
家乐,1
谷类,1
米制,1
淤血,1
风格,1
中心医院网络,1
捻,1
被打者,1
漯河,1
燕小青,1
总代,1
段王爷,1
青梅,1
直喊,1
传发,1
海因,1
黄铜,1
本王,1
采矿,1
使用者,1
果,1
中央电视台闯红灯,1
匕首,1
妹币,1
小乙,1
金属,1
中央台准考证,1
翠竹,1
刘干奇,1
酵母,1
中央台领导集体,1
体质,1
目测,1
寒意,1
擒获,1
鸣,1
病患,1
无关,1
钢叉,1
沿路,1
李辛,1
妈呀,1
产,1
从戎,1
怜惜,1
遁形,1
能会,1
臣,1
枯萎,1
小友,1
空巢,1
易筱锡,1
陆天明,1
中国联通茶油,1
齐艳菲,1
摘要,1
旧人,1
学佛,1
红名,1
小微,1
南巷,1
曾几何时,1
亲属,1
抹布,1
司徒,1
正襟,1
盛东辉,1
牟平,1
手机信号,1
书面,1
孩,1
带到,1
吴卓,1
奉行,1
承一诺,1
查封,1
海水,1
大虾,1
张庭,1
晚会,1
小月儿,1
鹿,1
次序,1
金浩,1
丘北,1
海蛎,1
中国籍,1
红人,1
斯诺,1
罗倩,1
真牛,1
活虾,1
坑人,1
碧,1
陈呈锋,1
明炜,1
姑凉,1
园林,1
户外活动,1
小商贩,1
世间,1
浮,1
青西,1
窗帘,1
事说,1
烟压,1
迪迦,1
屑,1
纸盒,1
蒲城县,1
荆轲,1
透视,1
泰州,1
萍,1
牵绊,1
功名利禄,1
黑社会内,1
告破,1
刑事案,1
爆炸案,1
了浮,1
正值,1
日食,1
堆头,1
资中县,1
西门,1
床上,1
内江,1
旅程,1
拆解,1
嘲讽,1
条子,1
如东,1
打工者,1
龙江镇,1
赵薇,1
镇上,1
魔鬼,1
威海,1
说对,1
辛东,1
柴火,1
本质,1
鸭子,1
疑因,1
从容,1
老妈,1
黑烟,1
货里,1
谋害,1
喷漆,1
枪报,1
棍子,1
梁艺双,1
好听,1
进家,1
火柴,1
膜拜,1
猫舍,1
天赐,1
任兴禹,1
梁静茹,1
覆盖,1
爱里,1
喀什,1
焦味,1
戒掉,1
甘,1
生殖器官,1
能换,1
家乡肉,1
过失,1
收听,1
置身,1
判决,1
度外,1
被害人,1
松饼,1
看淡,1
洪巧俊,1
张荣奎,1
李先生,1
陈怡曼,1
意,1
透过,1
化妆品,1
小志,1
庆山,1
玲,1
白蛾,1
本周一,1
纸屑,1
张倩,1
援朝,1
內政,1
示威,1
國,1
臉,1
忘記,1
撑,1
南门,1
出現,1
有违,1
正事,1
无江,1
知己,1
干涉,1
生日卡,1
拿来,1
餐包,1
独醉,1
新华社抗議,1
格子,1
好用,1
纹身,1
晒被子,1
好物,1
竹影,1
贵价,1
烧烤,1
时尚,1
秋香,1
赏月,1
表扬,1
廣西,1
陈瑜杰,1
社會,1
了种,1
老子,1
韩妆,1
節,1
韩妆火,1
火传,1
高呼,1
面聚,1
決一,1
跌,1
政者,1
了爱,1
告誡,1
失足,1
攤,1
上買,1
增硬,1
缺失,1
折,1
坠下,1
牌坊,1
接亲,1
中国人民解放军煤矿,1
坤岭,1
军武,1
次位,1
暴走,1
污碟,1
傳言,1
方信,1
下疑,1
酒行,1
死戰,1
樸槿惠,1
薩德,1
韓國,1
海凡,1
浮现,1
木瓦,1
封丽妃,1
作秀,1
溶液,1
四射,1
斌,1
打折,1
火燒龍,1
口粉,1
條,1
食材,1
薪火,1
史,1
樓,1
毛衣,1
经济区,1
公安局娃儿,1
弄堂,1
豆腐花,1
崇仁县,1
生煎,1
说给,1
撕开,1
了假,1
方能,1
欧,1
米亚,1
胖子,1
李恒爱,1
参与者,1
王仁广,1
自强,1
利器,1
吕长前,1
吕江伦,1
联合国火,1
纵容,1
一拔,1
空港,1
房山,1
心灵,1
议论,1
支吾,1
灵雪姐,1
秦安县,1
玩主,1
李丽萍,1
有救,1
高皇镇,1
杨妞,1
胸,1
本市,1
金金,1
嚴刑,1
小文,1
倡导者,1
重典,1
安心,1
吕林峰,1
孟江峰,1
拆迁办,1
拆迁户,1
中央台头条,1
胡集,1
删得,1
中央台中学生,1
花永香,1
有机,1
毛家山,1
大同市,1
古堡,1
勒,1
肌肉,1
小辣椒,1
击倒,1
劝,1
最牛,1
白白,1
交规,1
房山区,1
拿买,1
口感,1
来微博,1
严查,1
不弃,1
吕成,1
吕长明,1
西峡县,1
南阳市,1
王宇,1
天南地北,1
黑心棉,1
给害,1
不离,1
出处,1
小张,1
小鱼,1
爱豆薛,1
王世阳,1
加乐,1
面白,1
充斥,1
孔龙,1
乡间,1
肖肖,1
孩童,1
蛋壳,1
小吕观,1
出炉,1
不妨,1
趴着,1
修梅,1
临澧县,1
晕死,1
当地人,1
大病,1
黑火药,1
崔永元,1
假肉,1
假药,1
屁话,1
假酒,1
炫,1
终止,1
罢手,1
阿步,1
写字,1
燃放,1
轱辘,1
客肽,1
恶毒,1
终害,1
徐耀,1
新华社人造,1
玉新社,1
涨姥,1
寰,1
言论,1
发车,1
舒兴波,1
富察,1
烟火,1
美极,1
席,1
苦命,1
酒瓶,1
双皮奶,1
专治,1
崽子,1
张要刚,1
小宝宝,1
容若,1
南街,1
雅安,1
王彦林,1
路哥,1
李燕,1
美学,1
灾民,1
吊桥,1
老母,1
抽血,1
做毒,1
辉,1
洪荒,1
魏微语,1
寻找,1
害国,1
尊容,1
造出来,1
外婆家,1
中心医院月,1
溫情,1
全是,1
农产品,1
米苏,1
专毒,1
农品,1
女网友,1
当属,1
农业,1
优质,1
赵泽琪,1
骗钱,1
了吃,1
置顶,1
担忧,1
军团,1
专注,1
葛飞,1
衰,1
耶,1
胶造,1
愚,1
溶于,1
溶水,1
逼迫,1
鸡子,1
已婚,1
调查核实,1
张庄村,1
吴某,1
厨房电器,1
伊川,1
好帮手,1
飞梦阁,1
伊川县,1
江左,1
讨厌,1
洗掉,1
九都,1
真空袋,1
颜色,1
肉色,1
文,1
翻浪,1
小凡,1
蒲,1
芜湖,1
西安交大手机用户,1
景岩,1
小厂,1
双羽,1
西安交大同学,1
老孙,1
文超,1
西安交大附院,1
血流,1
王函,1
雪梅,1
自殺,1
面包房,1
自有,1
牛市,1
人马,1
谁造,1
双桥,1
王红娟,1
小子,1
卫生局工,1
主播求,1
包里拿,1
可攻,1
可受,1
衣冠,1
住校生,1
歹毒,1
摆在,1
生生,1
天使,1
遗忘,1
官員,1
回忆,1
实地,1
坏脾气,1
晋潞公,1
旮旯,1
中央台另类,1
安德鲁,1
臆想,1
厨师,1
医治,1
中共中央小道消息,1
老師,1
武威市,1
中央台充气,1
放下,1
吃不得,1
劝告,1
中央电视台人,1
杂,1
县头,1
添堵,1
出來,1
夹杂着,1
废旧,1
蘸,1
劣质,1
针管,1
医疗器械,1
月,1
贝因美,1
學校,1
新人,1
地地道道,1
涞水,1
小蒋,1
涿州,1
最高人民法院话,1
特技,1
峄城,1
松歌,1
造福人类,1
小罗,1
枣庄,1
融汇,1
东某,1
批发部,1
北,1
王廷,1
打捞,1
好喝,1
伏流,1
难受,1
好看,1
内乡,1
毙,1
火青,1
化肥,1
易县,1
邵阳,1
山盛晖,1
蛋求,1
娇娇,1
梨子,1
回护,1
假蛋,1
蛋制品,1
收藏,1
气化,1
板刷,1
篱笆,1
雪姐,1
兵,1
小戈戈,1
掺进,1
压缩机,1
大兴区,1
黑社会煤矿,1
诞生,1
人带,1
砰砰,1
云阳,1
明牌,1
包都,1
陈克,1
蓝熊,1
平头,1
围堵,1
店门口,1
鲍哥,1
孙和平,1
程序,1
枫叶,1
情缘,1
头先,1
瀘州,1
永康,1
申朋,1
望海,1
吓死人,1
雪亮,1
东俊,1
李军,1
脱身,1
辑录,1
新华社交规,1
事据,1
大圣,1
草堂,1
白百何,1
陈克明,1
会水,1
郭峰,1
茶陵,1
紫藤,1
梦求,1
端庄,1
宝小,1
缺位,1
菊芳,1
芳用,1
妹儿,1
摇头,1
摇,1
中花,1
张跃辉,1
叨,1
哔哔,1
欧巴耶,1
达官贵人,1
觉着,1
陷害,1
得罪,1
服务区,1
乐平市,1
剧中,1
轨道,1
恋歌,1
轨道交通,1
洪伟,1
后车站,1
原文,1
红旗,1
弟妹们,1
明珠,1
投资网,1
中央台用户,1
天桥区,1
鲁山,1
可恨,1
情怀,1
高平,1
我弟,1
拐岁,1
栀心,1
美美,1
特穆尔,1
浮力,1
宣传周,1
废旧塑料,1
餐桌上,1
陈志中,1
蛊毒,1
废,1
枪崩,1
映射,1
有望,1
贵阳市,1
家居,1
建材,1
阿虎,1
河沟,1
失物招领,1
深海,1
网警,1
表姐,1
表弟,1
爆爆,1
老大爷,1
贾宋镇,1
金王庄,1
窝点,1
镇平县,1
对得起,1
原图,1
做人,1
中央电视台小力,1
病菌,1
传染性,1
病体,1
稳住,1
陈爷,1
中心医院窗玻璃,1
帝国,1
小吉,1
跟你走,1
强加,1
南江县,1
节哀,1
开往,1
冲走,1
王后,1
责怪,1
布衣,1
滨江,1
阿贵,1
广府,1
蚌埠市,1
中央台晚安,1
刘杰,1
达州市,1
郭元庆,1
不醒,1
保健,1
白发,1
老头,1
之江,1
鲁寒,1
教师资格,1
考试网,1
腐败问题,1
局,1
合发,1
李行,1
天燃气,1
伏魔,1
何蒋勇,1
汪亚民,1
顾猷,1
荣升,1
国师,1
传奇人物,1
降妖,1
翱翔,1
鹰,1
需转,1
张鹏,1
外观,1
妖道,1
生态,1
屁用,1
师范,1
沙坪坝,1
切成,1
灯光,1
本台消息,1
惧怕,1
栏目,1
慈悲为怀,1
塑料制品,1
能绕,1
造化,1
才华,1
原型,1
粒是,1
只身,1
僧,1
行太,1
咯,1
中新社警服,1
遵,1
鸡蛋壳,1
百年老,1
古道,1
中央电视台茶,1
康宝莱,1
国珍,1
虫草,1
维迈,1
马丁,1
歌会,1
成分,1
无限极,1
中心医院棉袄,1
中国联通意外事件,1
中心医院意外事件,1
自然界,1
料想,1
告诫,1
章守规,1
王道,1
妮,1
哲儿,1
安化,1
跳入,1
丢到,1
逃走,1
热情,1
麦芽糖,1
北极光,1
人装,1
木子,1
儿们,1
芬兰,1
傲娇靓,1
不望,1
扶持,1
看得,1
柏毅章,1
适合,1
适不,1
骨肉,1
疑难,1
扁桃体,1
宝坻,1
最低温度,1
搭配,1
瑞氏,1
中心医院放学,1
军鸽,1
纳税,1
工商部门,1
艳阳,1
闪现,1
地沟油,1
背包,1
煽情,1
尝尝,1
品尝,1
香甜可口,1
永吉,1
草,1
永吉县,1
发水,1
落山,1
显,1
王云慧,1
台布,1
小天使,1
综合症,1
映红,1
博疯传,1
春城,1
条形码,1
孝感市,1
汉川市,1
火光,1
新河镇,1
颗粒,1
发送,1
条装,1
焦化厂,1
昆钢,1
退热,1
小宝贝,1
兴山县,1
伏牛,1
余良新,1
包更,1
陈小冬,1
了拾,1
朋克,1
冲锋枪,1
恶徒,1
乱砍,1
枪击,1
三叉街,1
泸,1
迟早会,1
蓝黑,1
几十人,1
尼姑庵,1
鲇鱼,1
紫云,1
吉老烦,1
燕,1
神经,1
米诺三,1
部长,1
巧合,1
欺瞒,1
福尔摩斯,1
点中,1
放火,1
灵山县,1
铆钉,1
良港,1
西恩,1
广西省,1
钦州市,1
书场,1
困住,1
公安局男子,1
武利镇,1
沃尔马,1
灵山,1
雅美,1
武利,1
抢房,1
侦探,1
绝尘,1
金港,1
夏洛克,1
拾到,1
熊熊大火,1
神爱世人,1
淘,1
高手,1
肉味,1
台籍,1
建新,1
转为,1
临颍县,1
三家店,1
台湾光复,1
乔儿,1
意拳,1
张志刚,1
任桥镇,1
购物广场,1
村易,1
李黄庄,1
貂皮大衣,1
赌气,1
员外,1
了真,1
螃蟹,1
杀光,1
拔出,1
打针,1
巡视组,1
真理,1
公安局农子,1
提起,1
不予,1
侵害,1
肿大,1
迎合,1
吃药,1
洗出,1
高烧,1
实践,1
喝过,1
治本,1
小童,1
撮,1
命案,1
村妇,1
梅林,1
迷恋,1
田网传,1
固镇县,1
海波,1
徐俊,1
峰,1
徐海,1
南宫,1
得转,1
元伊,1
单元,1
殃及,1
留史,1
推翻,1
蠡县,1
结冰,1
博据,1
冰库,1
躲进,1
寻物,1
启事,1
楚大,1
主持,1
雅居乐,1
建好,1
现货,1
鱼子,1
子规,1
啼血,1
沙拉,1
辛巴,1
天府广场,1
燃气管,1
咖,1
凑,1
大腕,1
遭强奸,1
游子,1
俊,1
琳,1
玫,1
演,1
小品,1
仰望,1
老湿,1
伟人,1
联合国问道,1
讨,1
亚伯,1
失联,1
中华儿女,1
封心,1
罗伯特,1
心爱人,1
南方人,1
张磷,1
趙丹,1
秦,1
带做,1
戈戈东,1
乱世,1
参考,1
转疑,1
泡泡糖,1
風,1
區種,1
植,1
借口,1
安记,1
壳儿,1
光洋,1
婚纱,1
骆驼,1
险情,1
遭殃,1
心够,1
祥子海,1
动力,1
合伙人,1
财气,1
顺联,1
河道,1
四楼,1
灾害,1
塑料颗粒,1
造米,1
攤手,1
刘乐嘉,1
大琳子,1
换零钱,1
季節性,1
價格,1
出品,1
廣告,1
得意,1
须尽欢,1
烟烟哥,1
苏宇哲,1
有毒,1
偿命,1
黑龙江省,1
该判,1
贾老板,1
幽灵,1
高山,1
盛,1
铅山县,1
陈某,1
小溪,1
朗,1
小河边,1
恶霸,1
二海,1
纸片,1
布尔,1
波牌,1
仙女,1
鉴别,1
腰盘,1
毀,1
收成,1
失收,1
房门,1
吴凯,1
癫,1
猛長,1
小熊猫,1
小賣,1
奋发,1
红河,1
蜕变,1
含笑,1
废话,1
围城,1
辛集,1
估算,1
拉面,1
堵塞,1
转眼,1
張華峰,1
隔離,1
搶救,1
參與,1
新聞,1
電視,1
名利,1
醫生,1
附加,1
潜默,1
实,1
木家具,1
穷孩子,1
李时珍,1
醫院,1
蟲陸,1
食肉,1
职能部门,1
大陸,1
中央台纸,1
倾诉,1
跳过去,1
抚州市,1
程程,1
禽流感,1
高发期,1
难民营,1
难民署,1
程大,1
科长,1
邓小亮,1
雇用,1
壳子,1
特勤,1
要人命,1
烟斗,1
雪天使,1
乐安县,1
苦,1
配得,1
所受,1
議員,1
操盘,1
于斯为盛,1
星佳兴,1
凯哥,1
阀门,1
摄影机,1
强奸案,1
秒杀,1
彩屯,1
刘红兵,1
迷药,1
五楼,1
化缘,1
店老板,1
柠檬,1
炮妹,1
可疑,1
提防,1
风骚,1
割走,1
问话,1
老张,1
夹杂,1
诗文,1
陆行,1
考注,1
股票,1
米尤卡,1
配料,1
中央台霸气,1
中医医院,1
六安市,1
尤卡,1
抚慰,1
鹅鱼,1
道器,1
我会,1
卷儿,1
找死,1
攀枝花市,1
中心医院紫菜,1
作主,1
补品,1
三晖,1
中央台医院,1
杀人者,1
中央台乡,1
洪灾,1
手记,1
五毛,1
韦春雁,1
复制,1
怒,1
民主自由,1
肾死,1
圆脸,1
初心凡,1
莫让,1
筛览,1
泡泡,1
纺,1
魏来,1
创意,1
临湘,1
洪水猛兽,1
遭遇,1
童鞋,1
强为,1
千古,1
吉尼斯,1
证,1
推开,1
品,1
踹,1
大吵,1
山谷,1
颖,1
婆媳,1
兰,1
榕江县,1
兼判,1
人伦,1
合成,1
榕江,1
民魂,1
冲垮,1
鸡鸡,1
刑,1
绥中,1
保重,1
荷塘月色,1
东坡,1
博看,1
沈城,1
湘江,1
抓好,1
财政,1
人事,1
开福寺,1
酒肉,1
镇河,1
凉面,1
毒害,1
职业培训,1
影子,1
平陌,1
伏法,1
登封,1
粒儿,1
信买,1
紫菜汤,1
军学,1
看水,1
费朔,1
龙胜,1
入侵,1
新浦,1
取走,1
中央台传媒,1
塑胶,1
毅,1
说不出,1
聚,1
毁成,1
欧聚美,1
料,1
直冲,1
微博,1
蔡国庆,1
庄稼,1
水流,1
董新尧,1
看下,1
加工点,1
声震,1
废物,1
淄博市,1
划开,1
突泉县,1
嚼,1
地狱,1
西乌,1
兴安盟,1
扎旗,1
瘋言,1
断开,1
挽回,1
瘋語,1
中旗,1
通辽市,1
科右,1
风景区,1
跳河,1
宇本尊,1
相惜,1
频道,1
旗,1
潮流,1
魔法,1
玩野,1
阿刘,1
质量技术监督局浅啡,1
海珠区,1
抓车,1
陛下,1
秦明,1
西渡,1
大昌,1
惨请,1
挣钱,1
倪维儿,1
倒卖,1
盼,1
事张,1
茅西,1
金昌市,1
钢丝,1
中央台时光,1
康婷瑞,1
地毯,1
黑作坊,1
纵身,1
呼吸,1
打碎,1
追捕,1
圈圈,1
可靠,1
脱不了,1
看紧,1
茉莉,1
毒大米,1
巧乐兹,1
正版,1
宝安区,1
思雨,1
中央台经贸,1
无沙,1
六楼,1
廖某,1
塑料薄膜,1
跃下,1
质监,1
酿成,1
洪湖市,1
仙桃市,1
任重道远,1
青城山,1
以防,1
村头,1
刀把,1
东村,1
李楼,1
冯敬尧,1
柳林镇,1
北家,1
扶科村,1
金敦亮,1
陈场镇,1
越野车兔子,1
塘镇,1
南高和,1
涟源市,1
娄底,1
莫沟,1
搜去,1
泰迪,1
烦请,1
轶事,1
居留,1
发布公告,1
佛山市,1
沧海,1
健在,1
剑,1
缺钱,1
进京,1
方方,1
出山,1
钟止,1
窥探者,1
爱宠,1
爆漲,1
找领,1
病来,1
吃出,1
打到,1
移除,1
遗失,1
餐桌,1
禁食,1
牲畜,1
解放军总医院,1
国际关系学院,1
国防大学,1
许可,1
外交部警方,1
争端,1
辖区,1
流到,1
中转,1
資金,1
開戶數,1
创年,1
新币,1
外币存款,1
老對手,1
货物,1
资金,1
集装箱,1
外号,1
国安法,1
港版,1
反弹,1
把住,1
分离,1
咽,1
类型,1
毒株,1
外交部地人,1
划入,1
班长,1
西段,1
边界,1
空军指挥学院,1
复兴路,1
金沟河,1
黄土坡,1
嘉德,1
里天香,1
北里悦,1
大慧寺,1
万寿路,1
常青,1
万寿庄,1
闵,1
罗庄,1
北四环,1
万寿寺,1
宿舍楼,1
魏公村,1
闵庄路,1
白旗,1
唐家岭,1
大柳树,1
天香,1
四季青,1
车公庄,1
汤泉,1
慧寺,1
变为,1
增光,1
营到,1
三区,1
富海,1
北三环,1
南园,1
太平路,1
香山,1
西村,1
颐中,1
燕南园,1
南北,1
江南,1
山南,1
马甸,1
昆明湖,1
南大街,1
颐和园,1
北苑,1
中关村,1
西山,1
金沟,1
永定路,1
北里,1
美墅馆,1
南苑,1
河东路,1
颐,1
北清路,1
香园,1
河路海,1
飙涨,1
安普若,1
码则,1
稳定性,1
不高,1
伪然,1
走入,1
亲亲,1
漫漫长夜,1
备感,1
恶梦,1
美容,1
撤去,1
加装,1
压桥,1
幅度,1
砖家,1
汪明荃,1
元凶,1
董泽鹏,1
出不来,1
背影,1
步伐,1
中队,1
取名,1
香港理工大学男子,1
滕锦光,1
逼犯,1
示意,1
握手,1
舍不得,1
穿用,1
舍得,1
吼,1
出钱,1
不测,1
封掉,1
隔,1
科研,1
样本,1
人变,1
全变,1
中央公园三民,1
监视,1
坠入,1
呈,1
空军,1
残骸,1
大气层,1
长征,1
宝贝,1
爱犬,1
打闹,1
嬉戏,1
抱紧,1
哭喊,1
嘶吼,1
扎,1
把头,1
小装,1
气场,1
毕业典礼,1
当做,1
奔信,1
雇佣,1
做做饭,1
留下来,1
奋斗,1
缘分,1
根烟,1
镯子,1
医药费,1
心血,1
布包,1
牛皮纸,1
衣柜,1
后事,1
染病,1
商量,1
雇,1
上升期,1
年头,1
意人,1
吴江,1
烟雾,1
变电站,1
亞洲,1
台北,1
倾注,1
想着,1
云经,1
传承,1
尽信,1
怨,1
无书,1
课文,1
气象专家,1
定论,1
银河,1
宠,1
女朋友,1
喜剧,1
杭州市政府世界,1
侯,1
外籍人士,1
庄里,1
给面子,1
示威者,1
拜访,1
携礼,1
阎肃,1
赞同,1
体现,1
相待,1
相逢,1
怀念,1
完信,1
绿码,1
乐府,1
栈道,1
飞弹,1
复原,1
瓦砾,1
庙观,1
文革,1
三间房,1
钉死,1
山像,1
传教士,1
山年,1
郑克,1
缺德,1
贝鲁特,1
延迟,1
历法,1
断供,1
生效,1
条款,1
瞧瞧,1
狂人,1
心理素质,1
海洋,1
铁西区,1
绿厦爵,1
仕会,1
清华大学铁西,1
宰羊,1
钉子户,1
笑话,1
停工,1
占地,1
悬河,1
外滩,1
观鲜,1
下山,1
魂,1
晴,1
慎用,1
沙糖,1
绵白糖,1
凯洋,1
停靠在,1
装满,1
批货,1
鳕鱼,1
渔港,1
迦略山,1
依法治国,1
耶路撒冷,1
红卫兵,1
富丽堂皇,1
秦岭,1
续建,1
强拆,1
僵持,1
拆光,1
气昏,1
招待,1
摆酒,1
严格遵守,1
闲聊,1
按排,1
维修,1
养护,1
找麻烦,1
工作场地,1
物业,1
垃圾清运,1
住本,1
居家,1
市委,1
外交部好消息,1
瑞方,1
截不上,1
截全,1
脸部,1
安定团结,1
题目,1
篇文章,1
虎谷峽,1
桓仁,1
鉴藏,1
发洩,1
跳断,1
舞,1
劝说,1
形式,1
害得,1
谎报,1
伪造,1
血压高,1
血压,1
父,1
老父,1
教办,1
门楣,1
游街,1
红花,1
外交部学生,1
瑞士银行,1
上国,1
存有,1
首富,1
核弹,1
公婆,1
媳妇,1
丑,1
制裁,1
详细资料,1
概念,1
五通桥,1
瞒报,1
逃命,1
个头,1
不力,1
窟窿,1
田村,1
超车,1
死到,1
脱险,1
傻子,1
三峡,1
水淹,1
巨,1
苟晶,1
阻拦,1
手动,1
学信网,1
查出来,1
红绿灯,1
实线,1
了得,1
牌照,1
快车道,1
斗殴,1
女乘务员,1
西安交大地铁,1
罗马,1
云盾,1
吴翰清,1
聘用,1
留住,1
接见,1
做主,1
自救,1
端坐,1
院号,1
庄号,1
院田,1
院厂,1
歌舞团,1
总政,1
公府,1
院道,1
蜈蚣,1
董四墓,1
暮家,1
院厢,1
小府,1
院西,1
号金,1
朗润园,1
营区,1
金源,1
口路,1
杏石,1
逸墅,1
园二区,1
永金,1
院百朗园,1
院军,1
娘娘,1
营号,1
只见,1
敲下,1
略懂,1
眼见,1
准考证号,1
歙县,1
统考,1
延期,1
中建,1
鹏,1
锻炼,1
基友,1
交朋友,1
交心,1
警戒线,1
林春,1
增,1
新安江,1
西湖,1
居住地,1
水位,1
阵雨,1
九孔,1
时讯,1
黄浦江,1
梅可,1
捅破,1
入伏,1
还叨,1
白娅倩,1
浏阳,1
答道,1
河畔,1
趣事,1
角落,1
捷径,1
总负责人,1
层层,1
回车键,1
话音刚落,1
技术员,1
考官,1
少年班,1
阿三长,1
卓,1
念恩,1
仁义,1
是非,1
记性,1
大度,1
牡丹江,1
上网,1
返校,1
修好,1
崩,1
紧逼,1
步步,1
期末考试,1
要测,1
天都,1
强奸犯,1
昌平,1
留洋,1
钟南山,1
卓越,1
青蒿素,1
千秋,1
造福,1
利在,1
数量,1
博士学位,1
奖,1
生物学,1
勋章,1
念错,1
名利场,1
科研经费,1
医学奖,1
名额,1
稿子,1
客串,1
门外汉,1
谎话,1
例新,1
吴亦凡,1
博爱,1
肖战,1
李连杰,1
中医药视觉,1
道艺,1
魔方,1
在建,1
可控,1
链,1
区块,1
面具,1
蝗虫,1
遂宁,1
独栋,1
征婚,1
女博士,1
柬埔寨,1
咸宁,1
刘正涛,1
抬桌走,1
桌子,1
干咳,1
健康状况,1
异常情况,1
体温,1
拧断,1
下车时,1
防治,1
盲龙,1
十楼,1
买肉,1
蝗灾,1
赵林,1
刘亦菲,1
梳,1
追杀,1
入住,1
生于,1
书店,1
句号,1
养病,1
前线,1
祭祖,1
煤炭,1
饥饿,1
好运,1
减,1
所得税,1
惠州,1
流入,1
死鸡,1
阿爾及利亞,1
千鈞一,1
玉珠寶,1
搭乘,1
縱,1
著陸,1
駛進,1
客艙,1
客機,1
營運,1
躲过,1
唐山,1
甘露,1
唐山大,1
背叛,1
列,1
规,1
中国宁波,1
知不为,1
上海市政府人,1
宁夏,1
解禁,1
时间表,1
全机,1
试图用,1
马来西亚,1
巫师,1
抓新,1
联邦快递王牌,1
华为,1
初始,1
总和,1
原版,1
日文,1
快件,1
中心医院,1
北川县,1
北川,1
长大,1
信任,1
实事,1
生殖器,1
摆放,1
香水,1
点火,1
喷上,1
腾龙,1
上下水,1
西双版,1
扶刚,1
陆基,1
首选,1
收集,1
送风,1
渗透,1
成浮,1
失,1
组拼,1
选中,1
承载,1
首科,1
吊脚楼,1
哨所,1
机房,1
电子战,1
新思路,1
营房,1
基地,1
军式,1
视频会议,1
劝返,1
余杭,1
松阳,1
贩卖,1
脏钱,1
国难,1
贪墨,1
截获,1
客户,1
广汉,1
女婿,1
德,1
西韦,1
仿制,1
豁免,1
药用,1
分子结构,1
专利,1
临床试验,1
官网,1
无需,1
靶向,1
管家,1
狙击手,1
甲,1
净化,1
高浓度,1
杭州市,1
建筑设计,1
废弃物,1
隔潮,1
普陀区,1
雨蓬,1
马月,1
开销,1
交快,1
烤,1
打听,1
烧饭,1
民事,1
大幸,1
衣架,1
大门,1
小伙子,1
煤气灶,1
黄冈,1
脱离,1
答题,1
打地铺,1
魔爪,1
密卷,1
睢宁,1
东梁,1
上值,1
协和医院集镇,1
郭美美,1
慈善,1
四村,1
小区业主,1
建筑物,1
全屋,1
布线,1
电缆线,1
设计方案,1
隔离病房,1
钢架,1
首例,1
尚属,1
领域,1
建筑工程,1
浮桥,1
原理,1
指挥部,1
地基,1
规划师,1
建筑施工,1
务店,1
规划,1
传晒,1
李兰娟,1
后求,1
可说,1
鹤鸣九皋,1
疑似病例,1
紫外线,1
重症,1
企圖,1
車,1
哈勃,1
返国,1
结果显示,1
水浸,1
杯水,1
格,1
有害物质,1
学者,1
杨锐,1
丰乔,1
陈露,1
孙大圣,1
孙悦,1
推测,1
名将,1
租给,1
球员,1
赣榆,1
四街,1
银泰城,1
餐,1
天府,1
舒克,1
看虐,1
看吧,1
取不,1
贾晓月,1
以示,1
标准局,1
食粮,1
销量,1
俗称,1
硌,1
专用,1
皮卡车,1
坪山,1
可没,1
心肝儿,1
土属,1
起义,1
民主,1
世界卫生组织黑人,1
联合国粮农组织,1
东亚,1
非洲地区,1
南亚,1
北爱尔兰,1
北爱,1
安迪,1
马哈尔,1
设定,1
指引,1
进食,1
可用,1
吸收,1
倒掉,1
干透,1
归于,1
使命,1
欢送,1
巴南,1
通车,1
赵国,1
冤枉,1
锦程,1
润泽,1
胡乱,1
涡流,1
水牛,1
名词,1
锈,1
桥缆,1
风水,1
背锅风,1
缆绳,1
受力,1
涡振,1
最新消息,1
贴身,1
撒谎,1
赴死,1
割下,1
回击,1
拔枪,1
堕胎,1
翻墙,1
游,1
新干线,1
报了名,1
亘的,1
招募,1
优待,1
礼遇,1
病魔,1
公派,1
自愿者,1
医疗机构,1
花都,1
於義,1
禁足,1
蓮,1
大利,1
东山县,1
铲车,1
发送给,1
杂物,1
效应,1
麻省理工话,1
斯坦福,1
好事儿,1
坏事,1
海峡,1
太乙,1
鲍里斯,1
上下班,1
守法,1
做生意,1
字样,1
播放,1
高声,1
意大利人,1
假消息,1
外交部长,1
石正丽,1
抱有,1
宿主,1
蚊虫,1
大明宫,1
扔在,1
凶杀,1
分尸案,1
远程,1
瞎操心,1
产量,1
美墨,1
懵,1
截,1
装备,1
底牌,1
改建,1
海域,1
天下事,1
后盾,1
后路,1
假新闻,1
谩的,1
自卫,1
太平,1
加盖,1
观察员,1
厂房,1
美国国会酒店,1
美国共和党,1
日美军,1
讨论,1
偷运,1
声称,1
目的地,1
运输机,1
美国大使馆行程,1
福利,1
巨婴,1
募捐,1
询问,1
逃避,1
转自,1
明确指出,1
退烧药,1
良医,1
撑不住,1
阴性,1
良言,1
行程,1
留条,1
囤积,1
赠奖,1
设立,1
声讨,1
骚扰,1
肯,1
无知,1
批判,1
议题,1
前妻,1
杀妻,1
相亲,1
医术,1
啦噜,1
人品,1
猩猩,1
思维,1
了至,1
闪电,1
直径约,1
圆球形,1
物理现象,1
上海医学院球状,1
讲解,1
上海医学院瑶台,1
北京市教委八卦,1
传开,1
打有,1
是求,1
群说,1
大湿兄,1
可能性,1
美华人,1
美帝,1
船座,1
医療,1
下放,1
俄罗斯政府民族,1
扬言,1
巡逻员,1
俄罗斯政府硬核,1
牛掰,1
体育课,1
喀麦隆,1
刘某,1
逃离,1
新闻局网,1
卫生部,1
东南亚,1
管好,1
改道,1
入关,1
涌进,1
管住,1
带病毒,1
陆路,1
人流,1
地产,1
太湖,1
中国邮政医疗,1
硕士,1
读上,1
选秀,1
原配,1
选,1
追求,1
并入,1
惯例,1
学术交流,1
追求者,1
学术,1
电视剧,1
颜值,1
生物系,1
保哥,1
铁道,1
永州,1
落座,1
曝霸,1
邻座,1
称票,1
莫斯科,1
谢列梅,1
毁坏,1
冲入,1
哈市,1
售前,1
上交,1
迷住,1
结了婚,1
辞职,1
一女,1
胎生,1
喀布尔,1
小吃店,1
前置,1
后置,1
分流,1
拨,1
击打,1
刀具,1
拍卖,1
编号,1
暗网,1
暗,1
发博,1
新竹,1
一代人,1
创业,1
北村,1
广东台,1
上海交通大学新闻,1
东南大学,1
加州理工学院,1
林黛玉,1
妥协,1
双阳,1
视觉,1
摆锤,1
解说,1
破骂,1
阻止,1
变道,1
开窗,1
无语,1
雕塑,1
裂开,1
裂缝,1
云翼,1
危楼,1
敲掉,1
楼变,1
业主,1
小六子,1
加拿大,1
拍到,1
月蚀,1
北极圈,1
职高,1
暴击,1
国计民生,1
学区,1
设,1
试验区,1
地被,1
揪,1
发财,1
胡同,1
婚车,1
費,1
賠償,1
報警,1
詐,1
墊付,1
歸,1
決女,1
損失,1
大學,1
證,1
藥費,1
元醫,1
中断,1
黑水县,1
川西,1
西尔,1
塌方,1
隧道口,1
大街,1
张某,1
韩某,1
自首,1
大车,1
辽宁大连,1
神兔,1
杨红旭,1
查抄,1
职业,1
斑马线,1
经道,1
爆缸,1
水族馆,1
周边地区,1
沉到,1
震到,1
同感,1
艺名,1
民医院大雨,1
桐梓,1
马巷,1
被车撞,1
娱八婆,1
补课班,1
知悉,1
配戴,1
喷药,1
北庄,1
卫辉,1
大块,1
搅笑,1
跳水,1
杨倩,1
得主,1
洋房,1
首金,1
了谈,1
荥阳,1
缺德事,1
头号,1
退伍军人,1
双江,1
马庆,1
搜寻,1
停放,1
歌唱家,1
男高音,1
扣钱,1
羊毛,1
社会主义,1
撸,1
异地,1
据闻,1
仅限,1
手机软件,1
建党,1
个车,1
单,1
优惠政策,1
扣费,1
支付,1
党,1
交管,1
偶遇,1
博主说,1
张治勋,1
铺满,1
花束,1
地毯式,1
营业时间,1
暂停营业,1
上级指示,1
琦,1
书法家,1
扶杆,1
唾沫,1
大兵,1
好了吗,1
税收政策,1
证券,1
秦皇岛,1
宅女,1
考完试,1
下限,1
赢,1
托,1
补习,1
拦车,1
辱骂,1
自驾,1
网瘾,1
佛系,1
带领,1
跟踪报道,1
小组,1
办学,1
地铁口,1
停业,1
灵魂,1
空车,1
五号线,1
落败,1
击剑,1
医学观察,1
队友,1
轻症,1
精心,1
重剑,1
女团,1
公共场合,1
湾头,1
方仓,1
关好,1
庆幸,1
有用,1
组装,1
了台,1
串门,1
变异,1
大东区,1
许可证,1
吊销,1
待定,1
人工智能,1
财力,1
果农,1
法帖,1
绿茶,1
矿泉水,1
史克,1
葛兰素,1
行走,1
投放,1
没船,1
了跑,1
阳澄湖,1
药贩子,1
忍,1
暗黑,1
笔记本,1
合影,1
国产品牌,1
法兰西斯,1
坦,1
二连浩特市,1
方正,1
转警,1
联手,1
车人,1
互贸区,1
牛街,1
罗,1
回民区,1
环署,1
脑部,1
局部麻痹,1
踢,1
饱饱,1
小夕,1
万全,1
荣获,1
看法,1
留言,1
返利,1
仅剩,1
观点,1
工作者,1
医务,1
馅饼,1
午餐,1
先进个人,1
礼品,1
顾客,1
嫌,1
防护服,1
中央电视台小哥,1
鸭绿江,1
冰红茶,1
毒杀,1
控股,1
转给,1
引致,1
撒气,1
拽,1
递水,1
后发,1
单方面,1
工位,1
优车,1
总部,1
携程,1
比重,1
业绩,1
聘任制,1
量产,1
车厂,1
焚烧,1
坚,1
示众,1
政权,1
解压,1
卸,1
货是,1
细品,1
道工序,1
榴莲,1
杨幂,1
小婉,1
想去,1
顶流,1
幂姐,1
签字,1
带不出,1
天书,1
宣读,1
时机,1
购物车,1
美团楼顶,1
整改,1
开出,1
号角,1
衝鋒,1
责令,1
事业部,1
吃喝,1
溺死,1
送进,1
抓进,1
抓走,1
透漏,1
禁养,1
前胸,1
狗贩子,1
大狗,1
饲料,1
动物园,1
中高管大型犬,1
神州,1
无人驾驶,1
辞退,1
大选,1
企业家,1
精力,1
例为,1
作协,1
发薪,1
语文课,1
文化部,1
妓女,1
沦为,1
笑柄,1
致谢,1
裁决,1
支持者,1
财新王者,1
关联,1
停售,1
大美女,1
划定,1
名册,1
等家,1
冷链,1
女患者,1
分区,1
五莲县,1
日照市,1
山城,1
五莲,1
人会,1
延边,1
给予,1
宣传部,1
怡红院视频,1
放跑,1
读点,1
战略,1
麻木,1
成绩排名,1
刷题,1
苏俄,1
瞎琢磨,1
择优录取,1
拆分,1
瞎折腾,1
公平性,1
国情,1
欧金,1
高唱,1
上任,1
欧金中市长,1
接引,1
受怕,1
受尽,1
致电,1
风雨,1
母子,1
铁扇公主,1
乔木,1
爆头,1
碰上,1
卖钱,1
物主,1
押运,1
法师,1
女醉驾,1
言辞,1
夺,1
符合,1
插手,1
打吹,1
制止,1
看越,1
视野,1
新知,1
老道,1
规矩,1
事态,1
上级领导,1
全网,1
录音,1
货,1
不上,1
羽绒服,1
王健林,1
解散,1
日子,1
清溪镇,1
二房,1
驾找,1
火眼金睛,1
平板,1
吹气,1
被绑,1
秦州,1
平凉市,1
吴毅,1
卫生系统,1
督导,1
吸睛,1
行事,1
运城,1
王先生,1
陈岚,1
孙华,1
龙逵,1
阿宝,1
烧伤,1
游走,1
未婚,1
支行,1
挂职,1
招收,1
刺萼,1
超人,1
业务,1
企划,1
星动,1
购票,1
车友们,1
审,1
索马里,1
心酸,1
马戏团老戏骨,1
辣,1
马戏,1
肉价,1
变差,1
效益,1
达达派,1
患,1
绝症,1
交通堵塞,1
直升飞机,1
高盛,1
草草,1
意在,1
着装,1
获利,1
银行业,1
市金,1
银行家,1
船只,1
选举,1
铁证,1
八人,1
就诊,1
搬运工,1
大儿子,1
变性,1
血癌,1
橙子,1
收尸,1
遗老,1
楷模,1
末代皇帝,1
陪葬品,1
炮弹,1
共用,1
皇陵,1
风风光光,1
行使,1
训政,1
禅位,1
天道,1
大人物,1
风光,1
废品,1
首饰,1
棺木,1
价值连城,1
财富,1
典籍,1
字画,1
毁灭性,1
大帝,1
完戏,1
样,1
毛玻璃,1
中科院网友,1
遮羞,1
成华区,1
赫本,1
赵某,1
里小,1
李泽帅,1
转运,1
会诊,1
海雾,1
公共卫生,1
普通型,1
实验室,1
影像学,1
省市区,1
丁真,1
飞来,1
六国,1
秦始皇,1
五区,1
酒局,1
公主,1
想到,1
订台,1
气氛,1
辨,1
中央政府,1
中心医院网,1
看少,1
应予,1
笋,1
花掉,1
制度,1
退休干部,1
熊妙华,1
营养,1
素食,1
乳腺癌,1
港安,1
师生,1
学长,1
用餐,1
食堂,1
美团御河,1
催促,1
卖员,1
订单,1
员因,1
客人,1
柳寒玉,1
下看,1
微观,1
油漆,1
枪火,1
文轩文,1
交火,1
被压,1
下场,1
推迟,1
小蝌蚪,1
售价,1
面世,1
医药,1
路城角街,1
石家庄市,1
惧,1
了骂,1
争执,1
功德,1
花朵,1
天下人,1
电车,1
中科院美食,1
回想,1
不利于,1
签发,1
叼,1
稿件,1
社会安定,1
洛洛,1
收复,1
联想,1
看清,1
苏占军,1
斋主,1
舍,1
动人,1
保修,1
艾丽丝,1
塔吊,1
出去玩,1
杨六郎,1
可可,1
统一安排镜框,1
公共交通,1
舒兰市,1
王女士,1
营运,1
山东大学校园,1
吸取教训,1
山东大学学伴,1
招生,1
山东大学分数线,1
试问,1
火坑,1
内情,1
妓院,1
北站,1
林宇,1
滑降,1
压倒,1
剧情,1
蒜瓣,1
载蒜,1
蜜蜂,1
对决,1
开战,1
乐工,1
金银财宝,1
清高宗,1
夜明珠,1
孙殿英,1
花白,1
了裕陵,1
和慈禧,1
乾隆,1
溥仪,1
皇贵妃,1
裕,1
昌隆,1
叹惋,1
落得,1
收葬,1
展览,1
记载,1
轰开,1
灭亡,1
同眠,1
执掌,1
在位,1
洗劫,1
看不见,1
看得见,1
搬运,1
白银,1
清东陵,1
共有,1
长寿,1
诸如,1
做事,1
解读,1
有利于,1
反说,1
某种程度,1
暗含,1
小觑,1
扩展,1
诠释,1
拓展,1
要务,1
法律法规,1
角度,1
产品质量,1
枪口上,1
重任,1
正话,1
歧义,1
山东大学光明,1
齐鲁,1
打成,1
字,1
东陵,1
长达六,1
农业部,1
浦东新区,1
南林,1
改为,1
笑醒,1
做梦,1
顺带,1
盲区,1
楼道,1
王一博,1
遍,1
装死,1
国足,1
黑粉,1
为难,1
理工大学新冠,1
教育课,1
浦路,1
顺势,1
路子,1
笑江湖,1
告上,1
怀孕,1
普罗旺斯,1
金店,1
砍刀,1
上拉,1
了飞鹏,1
成人,1
哼唱,1
兴奋,1
盯梢,1
下手,1
准在,1
抗病毒,1
氯,1
盐酸,1
中药,1
医疗费,1
心肌炎,1
尿毒症,1
肺纤维化,1
后遗症,1
吊水,1
氯喹,1
针灸,1
曲周县,1
依庄,1
晒晒,1
村庄,1
龙虾,1
何伟,1
财经学院电话,1
封神,1
模仿,1
自伤,1
想杀,1
安慰,1
撤热,1
身影,1
酒干,1
瓜众,1
入驻,1
赞皇县,1
邢,1
郭,1
臭水,1
水洼,1
砂仁,1
街道口,1
刺伤,1
猫眼,1
公号,1
凶犯,1
伤人案,1
南沙,1
增至,1
语榭,1
收租,1
伪装成,1
屏蔽器,1
眼镜,1
波及,1
修道,1
酱,1
不换,1
考不上,1
解锁,1
医疗队,1
赵军,1
露面,1
荔湾,1
能买,1
挂票,1
国土面积,1
人口数量,1
公安局警民,1
黄山,1
打了个,1
摩友,1
六和塔,1
晓舟,1
半死,1
猎狗,1
豹子,1
卫健委,1
卫健,1
赴,1
委派,1
雪儿,1
驾毒,1
潜力股,1
对错,1
潍坊市,1
林春增,1
照看,1
鹤洞,1
输液,1
百合,1
基本上,1
清洁工,1
杨力,1
胖哥,1
红茶,1
消灭,1
遗骸,1
天津港,1
滨海新区,1
捷,1
唐戈,1
零件厂,1
洞见,1
扎西,1
小马,1
策划,1
年度,1
旅游局,1
南安市,1
温,1
姜水茶,1
传送,1
犹如,1
漱口,1
喝茶,1
善因,1
醋,1
藁城,1
电子,1
枣,1
手环,1
东明路,1
萨摩耶,1
丢有,1
构建,1
倡导,1
绝育,1
善待,1
督察,1
作证,1
打掉,1
芯片,1
文件精神,1
妥善安置,1
犬舍,1
文件,1
牙齿,1
出事地点,1
世界坐标,1
深谷,1
碎片,1
满地,1
触发,1
声,1
原地,1
定位,1
盐水,1
姜,1
病毒感染,1
世界卫生组织外教,1
北京大学第三医院,1
礼拜,1
甘汤,1
麻杏石,1
奎,1
西医,1
扶正,1
祛邪,1
为辅,1
组来,1
转到,1
加减,1
败毒,1
夸奖,1
佩服,1
视察,1
失败,1
少于,1
痊愈,1
惨败,1
治愈,1
医学,1
外邪,1
主因,1
免疫系统,1
中医中药,1
独门,1
肺部,1
秘诀,1
佔卜,1
时速,1
先合,1
完工,1
逗比,1
炮,1
星辰,1
威宁县,1
燃烧,1
沟,1
喀什地区,1
疏附县,1
周全,1
疏忽,1
迎击,1
流调,1
局部,1
吊,1
二婶,1
学好,1
八级,1
英语老师,1
版,1
高中生,1
李老师,1
挣,1
救護車,1
下落,1
保定,1
电子商务,1
走廊,1
城市群,1
省会,1
沱,1
逃出来,1
卡舒吉,1
沙特,1
领事馆,1
闸北,1
华新村,1
拔掉,1
冠县,1
配置,1
昆山市,1
世茂,1
建昌县,1
捕获,1
学前班,1
八家子,1
緬甸,1
孔明,1
放置,1
導致,1
超乎,1
傷,1
生存空间,1
小麦,1
电台,1
猫神,1
联社,1
风水先生,1
共产党员,1
私分,1
个人账户,1
服务公司,1
商业银行农商,1
排起,1
取钱,1
自贡,1
龙浪长,1
排队,1
徐木乡,1
下葬,1
国际化现场,1
长江三角洲,1
浙江省,1
陶,1
杭宠,1
徐琳,1
治理,1
剥夺,1
驯化,1
反抗,1
文艺,1
死傷,1
支,1
悲劇,1
安雅,1
商业街,1
皇后区,1
该不该,1
奶嘴,1
合成橡胶,1
曹杨路,1
铁门,1
伊春,1
政和县,1
延误,1
带够,1
撞上,1
肇事罪,1
谎称,1
演唱,1
胸毛,1
歌星,1
围追,1
行李箱,1
旅游团,1
无业,1
张超,1
爱护,1
嗑瓜子,1
锤子,1
叶琛,1
影帝,1
煙花,1
精益求精,1
燃,1
柏川,1
陈震,1
孔明灯,1
中央台事故,1
兰陵,1
桂,1
张学友,1
刘德华,1
陈佩斯,1
刘谦,1
王菲,1
飙歌,1
回归,1
节目单,1
同台,1
儿童医院节目,1
要动,1
医患,1
北野,1
吴沪先,1
长治,1
白宇,1
粉白,1
重拍,1
举报人,1
迷信,1
骂人,1
挺,1
吹翻,1
买买提,1
风眼,1
毁灭,1
吹下来,1
爆米花,1
逆转,1
爆机,1
朋友家,1
烧机,1
热风机,1
瑞典,1
坟场,1
介入,1
象山,1
西门町,1
石浦,1
补交,1
偷税,1
税金,1
非税,1
标签,1
版本,1
商法,1
捡取,1
自发,1
赤道,1
蚂蚁,1
肆虐,1
要来,1
王佐镇,1
了不起,1
佛罗伦,1
斯飚,1
粤西,1
沿海地区,1
台山,1
菲律宾,1
东南,1
徐闻,1
吕宋岛,1
庄雨,1
防御,1
移入,1
趋向,1
佛罗伦萨,1
飓风,1
太空,1
宇航员,1
美国哈佛大学图片,1
海燕,1
夺冠,1
师妹,1
学术论坛,1
袭,1
联合国大会网传,1
所执,1
喂奶,1
挣点,1
体育中心,1
车号,1
角膜,1
射入,1
小钱,1
给你个,1
当兵,1
泰兴,1
德黑兰,1
带去,1
查获,1
流年,1
出境,1
乘飞机,1
中科院中国籍,1
無法,1
空中飞人,1
湖州,1
河滨公园,1
德清,1
施贤军,1
史琛洁,1
施伟斌,1
徐鸿斌,1
董秘,1
体育场,1
聚焦,1
政,1
带走,1
岛主,1
微岛,1
莫大,1
伤及,1
吞进,1
去逝,1
高科技产品,1
保健品,1
要钱,1
抉择,1
逼去,1
巡视,1
苍天,1
制假者,1
圈子,1
瑞士银行网,1
公布于世,1
不垮,1
动摇,1
天子,1
鄂,1
马路边,1
望远镜,1
别碰,1
缺少,1
铠甲,1
阜阳市,1
体育老师,1
沙僧,1
占生,1
性传播,1
季度,1
病毒感染者,1
中央台艾滋病,1
传统,1
盛装,1
装扮,1
亮相,1
大讲堂,1
保养,1
造型,1
取经,1
堕下,1
媒,1
帝都,1
公安局夫人,1
公安局棋盘山,1
东沟,1
富某,1
引燃,1
因涉嫌,1
荒草,1
秸秆,1
耕地,1
村日,1
期货,1
修道院,1
额,1
同济,1
保险,1
关头,1
班机,1
蒙娜丽莎,1
赵礼明,1
努力奋斗,1
拼搏,1
完比,1
公安局客机,1
觉察到,1
响水,1
还能,1
开通,1
专属,1
寒山寺,1
赐,1
演艺,1
赛道,1
动力车,1
实况,1
宝山,1
滑,1
扒哥,1
惯性,1
钢管,1
龟山,1
抓紧,1
民桥,1
正常值,1
大容量,1
冰箱,1
日光灯,1
电工,1
猫腻,1
电价,1
阶梯,1
电力局,1
银行利息,1
血汗钱,1
金州,1
金普,1
爆燃,1
热电厂,1
进得,1
灌水,1
那可真,1
人民法院视界,1
凤阳县,1
败露,1
延续,1
欲续,1
目的,1
下药,1
开封市,1
读数,1
电力部门,1
供电局毒气,1
转嫁给,1
普通家庭,1
贺州,1
富阳镇,1
红外,1
高达,1
写到,1
耗费,1
跳闸,1
充,1
节能,1
旋转,1
飞快,1
高于,1
压榨,1
垄断,1
加快,1
转速,1
谁能给,1
信群,1
老鼠,1
电老虎,1
机械性,1
脉冲,1
电池,1
高耗能,1
罹难,1
女特警,1
防寒,1
中信证券市区,1
中山公园,1
死在,1
女孩儿,1
蘇春俊,1
草甘膦,1
温进冬,1
华西,1
武侯区,1
凌晨时分,1
易得,1
过重,1
木,1
卖出,1
化装,1
分析师,1
世界卫生组织公告,1
评出,1
埃塞俄比亞,1
權两木,1
墜毀,1
成林,1
視訊,1
時刻,1
掉下去,1
质问,1
爬子,1
战,1
命比纸薄,1
识数,1
坟墓,1
保暖,1
爆满,1
儿科,1
婉拒,1
极端,1
见识,1
变得,1
旅游业,1
无国籍,1
谷歌,1
国家技术监督局绳子,1
抽筋,1
调快,1
获取,1
揭出,1
种,1
过程中将,1
电力公司,1
黑幕,1
芝罘区,1
易烊千玺,1
六安,1
下好,1
下哭,1
导至,1
风口,1
未成,1
渠,1
隋云涛,1
共餐,1
帅爹,1
撕书,1
前卫,1
波音公司空难,1
展望未来,1
开玩笑,1
瞧不起,1
免谈,1
赔命,1
敢坐,1
补好,1
弥补,1
喷子,1
硬件,1
詹,1
黎明,1
录像,1
前视,1
画家,1
冰哥,1
小金,1
猪猪,1
送水,1
间挥枪,1
电气,1
田露,1
模拟,1
梨,1
刀兄,1
点儿,1
坐飞机,1
茶井,1
凌泽人,1
往返,1
票友,1
高球,1
多角度,1
花儿,1
不飞,1
秦淮,1
刘铁卿,1
王德,1
王虎应,1
李青,1
致哀,1
日知录,1
缅怀,1
失忆,1
阿毛,1
来日方长,1
诺,1
啃,1
颜汐,1
小姑娘,1
张建,1
丰台区,1
钉子,1
灵溪镇,1
圈儿,1
陈独秀,1
李大钊,1
收看,1
丧失,1
沦丧,1
受欢迎,1
建起,1
恐怖片,1
营长,1
奖杯,1
凳子,1
荔波县,1
石龙,1
缙云,1
丽水,1
不生,1
受罪,1
酒泉,1
畜牲,1
美团酒泉,1
苏果,1
抽搐,1
腾腾,1
逃跑,1
松桃,1
车带,1
曹门,1
汴梁,1
开挖,1
暗河,1
黄衣服,1
识破,1
割断,1
美团车祸,1
绳,1
逆行,1
交通规则,1
所带,1
贤路,1
宝丰县,1
接警,1
受损,1
消防大队,1
抹泪,1
结局,1
美团朋友圈,1
济宁,1
勒到,1
注意力,1
突发事件,1
利立伍,1
渡劫,1
美团道友,1
箩筐,1
几辆车,1
入口,1
袁立,1
谢娜,1
何炅,1
稀土,1
跳伞,1
吓傻,1
警钟长鸣,1
中心医院人,1
汉中,1
滨江路,1
云龙区,1
长河,1
南顿,1
迹象,1
二府,1
商水,1
推文,1
小说,1
问号,1
中央台水灾,1
顺利进行,1
刑事案件,1
柴油发动机,1
汽油,1
助燃剂,1
人安,1
孙红雷,1
铁岭,1
入市,1
污说,1
福安,1
巨峰,1
叶子,1
早熟,1
施肥,1
打完,1
不误,1
照打,1
环运,1
收购,1
打打,1
打药,1
枝条,1
剂量,1
商在象,1
种类,1
环村,1
异味,1
酸,1
激素类,1
乙烯,1
深藏,1
雨琪,1
不漏,1
花骑,1
值班,1
中开合肥,1
张现,1
中央台学生,1
点点,1
沙,1
古雷港,1
疏散,1
了像,1
声誉,1
行业,1
闪电侠,1
案名,1
劫机,1
酉阳,1
王法,1
石门,1
物语,1
站炸,1
林场,1
可憐,1
拱墅区,1
江西人,1
雁塔区,1
江安县,1
明抢,1
水疗,1
肠道,1
肠润,1
朝山,1
值班室,1
金山,1
厦门市,1
长辈,1
数,1
小厦,1
全名单,1
滋味,1
熊,1
下重,1
摔,1
坦言,1
赞要,1
逮住,1
奸杀,1
桐桐,1
漏洞,1
劣迹,1
下买,1
体谅,1
兄弟,1
太严,1
史诗,1
壮举,1
能烧,1
机组,1
中央台挡风玻璃,1
乌当区,1
织金,1
刘俊君,1
龙畔,1
岩宝,1
手机号,1
警觉,1
群组,1
团体,1
骗案,1
带回家,1
钥匙扣,1
爱狗,1
妖孽,1
中科院人士,1
润,1
霸气,1
蓝天白云,1
石屏,1
小妖,1
罗湖口岸,1
销毁,1
过关,1
意欲,1
江蘇,1
押注,1
客車,1
賭波,1
戰車,1
新石,1
抛到,1
猴姑,1
领一壶,1
岩妈,1
烤鸭,1
死神,1
个人信息,1
和密保,1
改改,1
风轻云,1
巴西队电视台,1
开賽,1
賠,1
贏,1
賭,1
輸,1
水深,1
博彩,1
大厂,1
公安局公交车,1
武汉市公安局,1
宝领,1
金光党,1
背负,1
点头,1
扫描,1
债务,1
让你在,1
贷款,1
身份证号,1
灾祸,1
普吉,1
胡笳,1
玉米,1
段大广,1
全线,1
姑苏,1
了下,1
粮仓,1
滑移,1
重力,1
跪下,1
忧,1
瞳忧,1
降雨,1
新娘新郎,1
餐员,1
展示,1
馒头,1
懂吗,1
回去,1
传观,1
事望,1
肌干,1
管理人员,1
肝肾,1
亚铁,1
袋子,1
学品,1
木耳,1
霸州,1
回京,1
升至,1
青州市,1
驭,1
新城镇,1
正定县,1
埋葬,1
猪场,1
诊所,1
推拿,1
善事,1
做件,1
活体,1
达州,1
咖的,1
艾灸,1
强,1
理疗,1
零益,1
咸宁市,1
横沟,1
才子,1
鱿鱼,1
熊猫,1
承建,1
守护者,1
黑哨,1
数人,1
盟主,1
铁五局对话,1
屏山,1
桃源路,1
要紧,1
献血,1
共享,1
撸的,1
库存,1
血浆,1
红细胞,1
因区,1
血站,1
单车,1
早报,1
中医院车祸,1
寻,1
收治,1
急诊科,1
特地,1
制做,1
没看,1
乌市,1
刘柏松,1
臭豆腐,1
撇嘴,1
爸叶,1
莎士比亚,1
拐到,1
叶祯,1
桃园路,1
仁寿,1
许区,1
项目部,1
标,1
中心医院高速公路,1
大沟,1
牛羊肉,1
解除,1
炭疽,1
服务中心,1
周开勇,1
碎尸案,1
活在,1
蒲菇,1
苏健,1
拣拾,1
这厮,1
矿脉,1
含金,1
雅加达,1
赞转,1
踢翻,1
擂台,1
喷水,1
建平,1
幸运者,1
表态,1
大萝莉,1
吞掉,1
盖世英雄,1
动说,1
后腿,1
跑步,1
禅心,1
蜂,1
洞,1
开了个,1
三穗县,1
黔东南苗族侗族自治州,1
省城,1
检察机关,1
武昌,1
入园,1
试图,1
徘徊,1
加油站事,1
加油站天热,1
天热,1
博园,1
园,1
乌江,1
沐浴,1
榨菜,1
顶不住,1
卜,1
想念,1
白点,1
动武,1
爆打,1
扑到,1
逝去,1
风浪,1
世事,1
共青团中央事件,1
沉,1
观察者,1
来场,1
船舱,1
倾覆,1
摆阵,1
建昌,1
北关,1
塞进,1
得救,1
冰棍,1
赖,1
机拍,1
中风,1
倒下,1
病种,1
年轻化,1
肿瘤,1
养狗人,1
了吓,1
流血,1
凋谢,1
公安局老婆,1
东戴河,1
辅导员,1
百草园,1
中山,1
美景,1
蒲场,1
当事人,1
创客,1
肝病,1
龚琦玲,1
惹事,1
给杀,1
看中,1
逛街,1
买鞋,1
吞没,1
吞食,1
游人,1
迪,1
迪熊氏,1
药业,1
点分,1
博客,1
同名,1
吃翔,1
芥子气,1
废酸,1
苍井,1
聘请,1
管特,1
中国少年先锋队全家,1
突降,1
红火,1
舜间,1
廊桥,1
桐庐,1
抢死,1
上架,1
计算,1
遭报应,1
拖车,1
大风,1
荷重,1
要点,1
廊坊,1
村镇,1
致命,1
摆正,1
雪球,1
脚尖,1
刹车踏板,1
脚后跟,1
福都,1
王奔镇,1
双辽,1
乌海,1
乱摸,1
加油站江油,1
醫療,1
微谈,1
安静,1
拄,1
连首,1
清国,1
仪式,1
沃行君,1
颠覆,1
中国南方航空公司视频,1
租,1
卫生间,1
祖孙二人,1
魏长胜,1
在于,1
堵路,1
舞姿,1
舞者,1
中国男足舞台,1
重大贡献,1
增城,1
大白天,1
典范,1
隐患,1
中国男足合汇,1
叙,1
中东地区,1
巨大贡献,1
李召军,1
巴黎,1
牛人,1
水晶,1
阻挠,1
原点,1
网评,1
立案侦察,1
公务,1
农田,1
公处,1
公开处理,1
区政府,1
往下掉,1
人像,1
山大,1
孔子,1
倒好,1
梗,1
生出,1
基因,1
大女,1
高州市,1
成交额,1
被盗,1
信用卡,1
响铃,1
出价,1
成品,1
赢得,1
免遭,1
传遍,1
地规,1
广佛同城,1
推动,1
自住,1
打通,1
提振,1
有意,1
低迷,1
推进,1
盛行,1
缴纳,1
放松,1
价都,1
成交量,1
性价比,1
佛间,1
可行性,1
购房,1
林才,1
竣公,1
靖西县,1
吓坏,1
百色,1
飞剪,1
便利店,1
沈南,1
当官,1
学院,1
落下,1
拍外景,1
体育精神,1
涂炭,1
生灵,1
反对派,1
政府军,1
男足,1
帷幕,1
免签,1
优势,1
地位,1
包罗万象,1
躲开,1
手痒,1
忍不住,1
个数,1
神经质,1
词,1
误会,1
视奸,1
码,1
砸掉,1
当成,1
照相机,1
银杏,1
下玩大,1
挂牌,1
磨,1
盖牟州,1
铺,1
洛社,1
门茂业,1
梅村,1
荡口,1
压死,1
工程车,1
纺城,1
雪梨,1
崔雪莉,1
朱安,1
分居,1
拆掉,1
被褥,1
妨害,1
院子,1
饭菜,1
老式,1
收益,1
捐钱,1
大衣,1
上手,1
戏,1
日音,1
联大会议奶茶,1
维也纳,1
日内瓦,1
人佛系,1
背包客,1
把握,1
将军,1
转往,1
灌,1
骑在,1
找上门,1
私奔,1
灌下,1
灌入,1
射阳,1
开水瓶,1
开口,1
橙乐,1
操纵,1
咏夫,1
超载,1
实载,1
核载,1
总重,1
车货,1
号车,1
弘清,1
坪,1
南京长江大桥,1
许世友,1
往事,1
翻出,1
支出,1
侮辱,1
拒发,1
山真,1
亳州,1
黄四娘,1
铁路桥,1
冲上去,1
眼看,1
开裂,1
搅拌车,1
混凝土,1
老河口,1
搬家,1
航空展化工厂,1
损毁,1
肉包子,1
空战,1
架飞机,1
表演队,1
卫青,1
歌游,1
恒言,1
魔幻,1
夹层,1
二手房,1
安康市,1
汉滨区,1
王群,1
反馈,1
金桥某,1
并给,1
加油站骑墙,1
搬出,1
递交,1
拖欠,1
外交,1
媒称,1
代表团,1
草案,1
会费,1
私信,1
楼体,1
雪莉,1
惠善欲,1
复出,1
好莱坞,1
师爷,1
晓,1
媲美,1
足以,1
擦,1
国家有关恐怖分子,1
终结,1
赴美,1
户籍,1
幻想,1
党们,1
高句丽,1
安东,1
小泽征尔,1
救火,1
雪乡,1
澳大利亚政府雪乡,1
巴西,1
夏威夷,1
雨林,1
烧出,1
动植物,1
上帝,1
堂堂,1
山火,1
差,1
紧迫感,1
火火,1
倒地,1
请戴,1
关键时刻,1
佛牌,1
林肯,1
试驾,1
萝卜,1
汽车资讯,1
美伊,1
关键因素,1
胜负,1
弹琴,1
虾米,1
死缓,1
赞成票,1
斩首,1
公认,1
宴车,1
卿,1
河南省政府化工厂,1
飞扬,1
收敛,1
按说,1
贪,1
爆露,1
逆风,1
下文,1
余额,1
刷卡,1
深受,1
退役,1
寄,1
允诺,1
步入,1
耳,1
联合国安理会包菜,1
波斯,1
中俄,1
苏莱曼,1
尼,1
投,1
位列,1
现代战争,1
樊贵生,1
夹到,1
传人,1
豺,1
病毒传播,1
定点医院,1
粉液,1
省护,1
封省,1
全款,1
浙,1
车刚,1
牵连,1
偷跑,1
扣完,1
考本,1
衛生組織救护车,1
國民人,1
國民,1
武漢,1
評定,1
連續,1
配備,1
撤回,1
超好,1
排列,1
國家,1
水準,1
犬科,1
內属,1
了掉,1
眼膜,1
挑,1
铁轨,1
空题,1
遍地,1
报名,1
连问,1
夺命,1
防备,1
小练哥,1
聚会,1
传为,1
中国南方航空公司激光,1
贊,1
戴眼镜,1
擦拭,1
传入,1
拴,1
原创,1
嗽口,1
淡盐水,1
凉台,1
外套,1
双手,1
精,1
物是,1
车头,1
单侧,1
苏家屯区,1
半袖,1
钩沉,1
悬念,1
威胁性,1
题,1
设想,1
空隙,1
老友,1
永嘉县,1
惨叫,1
上衣,1
紫色,1
短裤,1
灰色,1
下肢,1
花心,1
北向南,1
酷燃,1
接近,1
融媒,1
石墩,1
山东师范大学轿车,1
长清湖,1
黄子安,1
黄赞,1
沉吟,1
咋办,1
悬浮,1
寻问,1
惊出,1
周海婴,1
咸亨,1
纳入,1
下发,1
辖地,1
都护府,1
街道社区,1
调查表,1
注,1
骗买,1
挨刀,1
管理中心,1
可亲,1
可敬,1
负重,1
睡过去,1
断掉,1
手臂,1
战友,1
动弹,1
墙体,1
中国南方航空公司龙样,1
建国,1
毛曾,1
冷汗,1
罗稷南,1
聊起来,1
边缘,1
气气,1
断电,1
目标,1
关灯,1
抢劫案,1
家属院,1
有色,1
九龙山,1
绵竹,1
刘康军,1
造价,1
灰烬,1
宗教建筑,1
木结构,1
灵官,1
郭大侠,1
孝感,1
回事儿,1
城是,1
开卡,1
卡宴男,1
嚎叫,1
挤,1
拦,1
拍打,1
剐,1
撞残,1
电箱,1
拉断,1
人案,1
遇,1
遇事,1
申诉,1
温县,1
预做,1
泡面,1
寝室,1
汇丰银行学生,1
松于,1
京津冀,1
告,1
捣乱,1
觉悟,1
户们,1
告辞,1
打扰,1
交汇,1
二号线,1
一号线,1
福克斯,1
马戏团全责,1
克扣,1
秦汉,1
道具,1
马戏团表,1
切忌,1
宝应县,1
徐某,1
徐,1
龙江,1
成都市委地震,1
蛇,1
公安局地震,1
韶关市,1
叶树养,1
属下,1
杀头,1
缓解,1
肥猪,1
艾滋,1
传染给,1
树杨,1
金毛犬,1
公路局,1
加紧,1
叫来,1
警方正,1
木棍,1
名,1
全家人,1
共元,1
补课费,1
洗手,1
美俄,1
以色列,1
内尔,1
巨龙,1
成都市委洋门格,1
帝王,1
闽清,1
广州某,1
房事,1
款,1
勉强,1
加油站地震,1
荟萃,1
翔,1
棒杀,1
象鼻,1
捕杀,1
肉长,1
杰尼斯,1
社长,1
权威,1
淮安,1
盱眙,1
盱眙县,1
出丑,1
受刺激,1
催债,1
受雇,1
疑点,1
歌舞厅,1
破案,1
巨蟒,1
鱼雷,1
彭斯,1
州,1
具备,1
精虫,1
端茶,1
洗衣服,1
家务,1
醉驾,1
谭,1
米奇,1
轻判,1
减刑,1
路线,1
大盘,1
重大事故,1
包河,1
豁牙,1
人民警察,1
大凉山,1
台阶,1
钢梯,1
肇事者,1
永,1
童颜,1
痛恨,1
心理医生,1
免死,1
国家有关金牌,1
皇家,1
偷懒,1
核潜艇,1
下班,1
军事情报,1
官官相护,1
实情,1
卸载,1
直播间,1
城西,1
城南,1
柯桥,1
塑料包装,1
浓烟,1
加油站区,1
宪法,1
协和医院视频,1
三哥,1
酱紫,1
山口,1
萍乡,1
刘永溪,1
岩,1
武功山,1
献身,1
爽,1
吹,1
走走,1
倒水,1
货船,1
源城区,1
扬州市,1
思路,1
获嘉县,1
鲁,1
反击,1
击毁,1
展,1
紋身,1
日本政府派出所,1
加热,1
要受,1
原子弹,1
无惧,1
无畏,1
衣食住行,1
砸坏,1
终究会,1
氛围,1
驱逐,1
高官,1
止战,1
国家有关最新消息,1
巧克力,1
孙女,1
转向,1
拍向,1
五妈,1
杀爷,1
中央台回家,1
杰,1
姜华,1
加油站全市,1
陈有西,1
谢幕,1
记起,1
知晓,1
演奏,1
辉煌成就,1
界,1
躯壳,1
乐队,1
老年痴呆症,1
指挥家,1
同性恋,1
通山县,1
阮,1
乐建九,1
牛耕田,1
孟阿香,1
不转,1
吆,1
挨饿,1
卧床,1
稻谷,1
没证,1
群护,1
带队,1
亲爷,1
砖块,1
大喊,1
换血,1
起诉,1
警醒,1
要害,1
儿戏,1
人儿,1
清华大学新闻,1
广德,1
伍,1
鉴赏,1
供,1
阅卷,1
描写,1
把酒,1
写酒,1
保送,1
液体,1
酒字,1
整篇文章,1
作文,1
人民政府作文,1
河源市,1
东江,1
孔,1
救起,1
掉落,1
叮嘱,1
燎原,1
中央台市区,1
锡林郭勒,1
吉普赛,1
宇宙,1
墨西哥,1
美利坚,1
远高于,1
回敬,1
增派,1
跳板,1
狂欢节,1
单方,1
云端,1
中央台客机,1
宝山区,1
夏邑,1
韩女士,1
喝了酒,1
开着,1
胆子,1
陈田村,1
思述,1
分钱,1
行政法,1
礼堂,1
村部,1
讲话,1
爱笑,1
奖历,1
降至,1
国服,1
盖,1
定为,1
衣领,1
整片,1
民权,1
袖口,1
司法考试,1
襟,1
国门,1
文治,1
笔架,1
涵义,1
成龙,1
机动车道,1
中堂,1
年少,1
华政方知,1
迪士尼,1
小王,1
没话,1
自用,1
上床,1
裤,1
上位,1
无误,1
瞄准,1
倒置,1
紧闭,1
孙中山,1
治国,1
负担,1
攻克,1
日币,1
医疗保险,1
早恋,1
校服,1
送出去,1
嘴巴,1
局座,1
赵勇,1
追凶,1
踢倒,1
遭受,1
见状,1
幼童,1
除恶,1
扫黑,1
自行车赛,1
无影,1
清政府狗,1
西洋,1
雷鸣般,1
相识,1
没去,1
难治,1
严管,1
吐血,1
猎杀,1
赔不起,1
班级,1
群村,1
板凳,1
全班学生,1
男孩子,1
母女,1
铃响,1
新北区,1
宝纶阁,1
狐,1
碰撞,1
耳廓,1
中巴,1
安琪尔,1
张师傅,1
限高,1
削掉,1
削头,1
车顶,1
春游,1
发飙,1
人岁,1
史话,1
极品,1
损友,1
伸过去,1
开不起,1
形容,1
石羊,1
羚,1
藏原,1
美龄宫,1
宋美龄,1
项链,1
绕城,1
海哥,1
雪山,1
曲奇饼,1
演绎,1
身体发肤,1
先,1
情话,1
痴情,1
国民政府官方,1
锦州,1
张学良,1
关东军,1
坚守,1
进攻,1
电令,1
纪念碑,1
爱肖战,1
加加,1
大件,1
元者,1
需到,1
传唤,1
叫好,1
尉校八苑,1
辍学生,1
手印,1
助学,1
挤占,1
子洲,1
发抖,1
国际部案件,1
香港市民,1
遣返,1
黑衣人,1
狗屎,1
性福,1
层楼,1
连发,1
火力,1
海军,1
射程,1
核导弹,1
核潜,1
马来,1
利奇,1
利奇马,1
没住,1
吹倒,1
何以堪,1
文库,1
中影,1
落石,1
泛滥,1
刚果,1
直线,1
卫生巾,1
加油站妈,1
车坛,1
车轮,1
华山,1
独行侠,1
恶行,1
翻遍,1
捞,1
骗赔,1
鬼域,1
恶状,1
矿难,1
矿井,1
钟楼,1
全景,1
三岔路口,1
紫阳县,1
杨春林,1
营救,1
崩塌,1
交通管制,1
跟进,1
吊机,1
宜兴,1
马太,1
提高警惕,1
预谋,1
投降,1
问当,1
平山,1
用作,1
罹患,1
浓缩,1
大脑,1
重金属,1
镭,1
博格,1
河流,1
管道,1
罐,1
储水,1
剧毒,1
黄饼,1
矿石,1
铀矿,1
铀,1
南丹县,1
屯,1
物流,1
少数民族,1
全省,1
王利奇,1
工地,1
湾区,1
湘西,1
阿梅,1
拔下,1
免得,1
再生,1
捐献,1
恳求,1
折磨,1
忍受着,1
相差,1
了近,1
筹措,1
保住,1
洗脚,1
无钱,1
眼角膜,1
所需,1
腰椎,1
化疗,1
骨髓,1
血小板,1
红斑,1
脚趾,1
自拔,1
历史性,1
身高,1
